OT,ESTATUS DE LA OT,TIEMPO DE EJECUCION,MANO OBRA,#SP,FECHA RECEPCION SP,TIEMPO DE COMPRA,ORDEN DE COMPRA,TIEMPO APROBACION,Estado Actual de la SP*,VALOR DE LA COMPRA DE LA SP,METODO_CRUCE_SP,DETALLE_CRUCE_SP,METODO_MANO_OBRA,DETALLE_MANO_OBRA,METODO_VALOR_COMPRA,DETALLE_VALOR_COMPRA
1,Marca temporal: 2025-09-05 11:24:13 | FECHA REAL ENTREGA: 2025-09-04 10:00:00,1.416666667,2297260.2,1,2025-12-23 0:00:00,,,,ENTREGADO,2723500,directo_matriz_ot,Matriz.OT=1; SPs encontrados=[1],directo_actividades_ot,12 actividades; 94.49 horas,directo_financiero_ot,OT=1; 1 filas en Hoja 1
2,Marca temporal: 2025-09-06 08:12:11 | FECHA REAL ENTREGA: 2025-09-25 07:00:00,19.29166667,1036592.39,18370,2025-09-05 0:00:00,,,,ENTREGADO,2723500,truco_sp_en_texto,SP 18370 extraida de comentarios/descripcion de la OT,directo_actividades_ot,8 actividades; 49.25 horas,directo_financiero_ot,OT=2; 1 filas en Hoja 1
3,Marca temporal: 2025-09-06 09:16:03 | FECHA REAL ENTREGA: ,,805324.83,1,2025-11-18 0:00:00,,,,ENTREGADO,,directo_matriz_ot,Matriz.OT=3; SPs encontrados=[1],directo_actividades_ot,8 actividades; 41.33 horas,sin_valor_compra,No hay fila en Hoja 1 por OT ni SP
4,Marca temporal: 2025-09-09 08:29:03 | FECHA REAL ENTREGA: 2025-09-11 07:00:00,2.291666667,,,,,,,,,sin_cruce_sp,No hay OT en Matriz ni SP detectable en la OT,sin_actividades,No hay actividades con esta OT,sin_valor_compra,No hay fila en Hoja 1 por OT ni SP
5,Marca temporal: 2025-09-09 10:15:53 | FECHA REAL ENTREGA: 2025-09-16 10:00:00,7.416666667,,,,,,,,,sin_cruce_sp,No hay OT en Matriz ni SP detectable en la OT,sin_actividades,No hay actividades con esta OT,sin_valor_compra,No hay fila en Hoja 1 por OT ni SP
6,Marca temporal: 2025-09-12 11:26:35 | FECHA REAL ENTREGA: ,,,,,,,,,,sin_cruce_sp,No hay OT en Matriz ni SP detectable en la OT,sin_actividades,No hay actividades con esta OT,sin_valor_compra,No hay fila en Hoja 1 por OT ni SP
7,Marca temporal: 2025-09-12 14:15:31 | FECHA REAL ENTREGA: 2025-11-10 11:40:00,59.48611111,,,,,,,,,sin_cruce_sp,No hay OT en Matriz ni SP detectable en la OT,sin_actividades,No hay actividades con esta OT,sin_valor_compra,No hay fila en Hoja 1 por OT ni SP
8,Marca temporal: 2025-09-15 08:55:22 | FECHA REAL ENTREGA: 2025-10-06 10:00:00,21.41666667,,,,,,,,,sin_cruce_sp,No hay OT en Matriz ni SP detectable en la OT,sin_actividades,No hay actividades con esta OT,sin_valor_compra,No hay fila en Hoja 1 por OT ni SP
9,Marca temporal: 2025-09-17 11:21:21 | FECHA REAL ENTREGA: 2025-09-15 17:00:00,0.7083333333,208296,,,,,,,,sin_cruce_sp,No hay OT en Matriz ni SP detectable en la OT,directo_actividades_ot,1 actividades; 9.0 horas,sin_valor_compra,No hay fila en Hoja 1 por OT ni SP
10,Marca temporal: 2025-09-17 11:25:18 | FECHA REAL ENTREGA: 2025-09-16 17:00:00,1.708333333,,,,,,,,,sin_cruce_sp,No hay OT en Matriz ni SP detectable en la OT,sin_actividades,No hay actividades con esta OT,sin_valor_compra,No hay fila en Hoja 1 por OT ni SP
11,Marca temporal: 2025-09-17 11:27:05 | FECHA REAL ENTREGA: 2025-09-23 11:00:00,6.458333333,,,,,,,,,sin_cruce_sp,No hay OT en Matriz ni SP detectable en la OT,sin_actividades,No hay actividades con esta OT,sin_valor_compra,No hay fila en Hoja 1 por OT ni SP
12,Marca temporal: 2025-09-17 11:32:35 | FECHA REAL ENTREGA: 2025-09-23 11:00:00,22.45833333,,,,,,,,,sin_cruce_sp,No hay OT en Matriz ni SP detectable en la OT,sin_actividades,No hay actividades con esta OT,sin_valor_compra,No hay fila en Hoja 1 por OT ni SP
13,Marca temporal: 2025-09-17 11:33:29 | FECHA REAL ENTREGA: 2025-09-23 11:00:00,22.45833333,,,,,,,,,sin_cruce_sp,No hay OT en Matriz ni SP detectable en la OT,sin_actividades,No hay actividades con esta OT,sin_valor_compra,No hay fila en Hoja 1 por OT ni SP
14,Marca temporal: 2025-09-24 14:52:47 | FECHA REAL ENTREGA: 2025-09-27 07:00:00,3.291666667,132930,,,,,,,,sin_cruce_sp,No hay OT en Matriz ni SP detectable en la OT,directo_actividades_ot,1 actividades; 4.5 horas,sin_valor_compra,No hay fila en Hoja 1 por OT ni SP
15,Marca temporal: 2025-09-25 15:11:13 | FECHA REAL ENTREGA: 2025-09-27 07:00:00,2.291666667,,,,,,,,,sin_cruce_sp,No hay OT en Matriz ni SP detectable en la OT,sin_actividades,No hay actividades con esta OT,sin_valor_compra,No hay fila en Hoja 1 por OT ni SP
16,Marca temporal: 2025-09-26 09:25:05 | FECHA REAL ENTREGA: 2025-09-26 07:00:00,0.2916666667,,,,,,,,,sin_cruce_sp,No hay OT en Matriz ni SP detectable en la OT,sin_actividades,No hay actividades con esta OT,sin_valor_compra,No hay fila en Hoja 1 por OT ni SP
17,Marca temporal: 2025-09-29 08:58:54 | FECHA REAL ENTREGA: 2025-09-25 09:00:00,1.375,,,,,,,,,sin_cruce_sp,No hay OT en Matriz ni SP detectable en la OT,sin_actividades,No hay actividades con esta OT,sin_valor_compra,No hay fila en Hoja 1 por OT ni SP
18,Marca temporal: 2025-10-01 08:11:28 | FECHA REAL ENTREGA: 2025-10-06 07:00:00,35.29166667,,,,,,,,,sin_cruce_sp,No hay OT en Matriz ni SP detectable en la OT,sin_actividades,No hay actividades con esta OT,sin_valor_compra,No hay fila en Hoja 1 por OT ni SP
19,Marca temporal: 2025-10-03 11:11:26 | FECHA REAL ENTREGA: 2025-10-06 07:00:00,3.291666667,,,,,,,,,sin_cruce_sp,No hay OT en Matriz ni SP detectable en la OT,sin_actividades,No hay actividades con esta OT,sin_valor_compra,No hay fila en Hoja 1 por OT ni SP
20,Marca temporal: 2025-10-03 11:29:59 | FECHA REAL ENTREGA: 2025-10-04 11:00:00,1.458333333,,,,,,,,,sin_cruce_sp,No hay OT en Matriz ni SP detectable en la OT,sin_actividades,No hay actividades con esta OT,sin_valor_compra,No hay fila en Hoja 1 por OT ni SP
21,Marca temporal: 2025-10-06 09:30:58 | FECHA REAL ENTREGA: 2025-11-10 11:40:00,36.48611111,,,,,,,,,sin_cruce_sp,No hay OT en Matriz ni SP detectable en la OT,sin_actividades,No hay actividades con esta OT,sin_valor_compra,No hay fila en Hoja 1 por OT ni SP
22,Marca temporal: 2025-10-06 09:52:57 | FECHA REAL ENTREGA: 2025-11-10 11:40:00,35.48611111,,,,,,,,,sin_cruce_sp,No hay OT en Matriz ni SP detectable en la OT,sin_actividades,No hay actividades con esta OT,sin_valor_compra,No hay fila en Hoja 1 por OT ni SP
23,Marca temporal: 2025-10-06 09:55:45 | FECHA REAL ENTREGA: 2025-12-28 17:00:00,83.70833333,,,,,,,,,sin_cruce_sp,No hay OT en Matriz ni SP detectable en la OT,sin_actividades,No hay actividades con esta OT,sin_valor_compra,No hay fila en Hoja 1 por OT ni SP
24,Marca temporal: 2025-10-06 10:08:27 | FECHA REAL ENTREGA: ,,,,,,,,,,sin_cruce_sp,No hay OT en Matriz ni SP detectable en la OT,sin_actividades,No hay actividades con esta OT,sin_valor_compra,No hay fila en Hoja 1 por OT ni SP
25,Marca temporal: 2025-10-06 11:25:46 | FECHA REAL ENTREGA: 2025-10-08 09:00:00,2.375,,,,,,,,,sin_cruce_sp,No hay OT en Matriz ni SP detectable en la OT,sin_actividades,No hay actividades con esta OT,sin_valor_compra,No hay fila en Hoja 1 por OT ni SP
26,Marca temporal: 2025-10-07 07:43:33 | FECHA REAL ENTREGA: 2025-10-08 17:00:00,1.708333333,,,,,,,,,sin_cruce_sp,No hay OT en Matriz ni SP detectable en la OT,sin_actividades,No hay actividades con esta OT,sin_valor_compra,No hay fila en Hoja 1 por OT ni SP
27,Marca temporal: 2025-10-07 08:53:56 | FECHA REAL ENTREGA: 2025-10-08 17:00:00,1.708333333,,,,,,,,,sin_cruce_sp,No hay OT en Matriz ni SP detectable en la OT,sin_actividades,No hay actividades con esta OT,sin_valor_compra,No hay fila en Hoja 1 por OT ni SP
28,Marca temporal: 2025-10-07 10:21:21 | FECHA REAL ENTREGA: 2025-10-09 09:00:00,2.375,,,,,,,,,sin_cruce_sp,No hay OT en Matriz ni SP detectable en la OT,sin_actividades,No hay actividades con esta OT,sin_valor_compra,No hay fila en Hoja 1 por OT ni SP
29,Marca temporal: 2025-10-07 14:18:02 | FECHA REAL ENTREGA: 2025-10-07 17:00:00,0.7083333333,,,,,,,,,sin_cruce_sp,No hay OT en Matriz ni SP detectable en la OT,sin_actividades,No hay actividades con esta OT,sin_valor_compra,No hay fila en Hoja 1 por OT ni SP
30,Marca temporal: 2025-10-09 08:25:33 | FECHA REAL ENTREGA: 2025-10-08 17:00:00,1.708333333,,,,,,,,,sin_cruce_sp,No hay OT en Matriz ni SP detectable en la OT,sin_actividades,No hay actividades con esta OT,sin_valor_compra,No hay fila en Hoja 1 por OT ni SP
31,Marca temporal: 2025-10-09 09:41:45 | FECHA REAL ENTREGA: 2025-10-14 14:00:00,5.583333333,,,,,,,,,sin_cruce_sp,No hay OT en Matriz ni SP detectable en la OT,sin_actividades,No hay actividades con esta OT,sin_valor_compra,No hay fila en Hoja 1 por OT ni SP
32,Marca temporal: 2025-10-09 10:51:44 | FECHA REAL ENTREGA: 2025-10-23 17:00:00,113.7083333,,,,,,,,,sin_cruce_sp,No hay OT en Matriz ni SP detectable en la OT,sin_actividades,No hay actividades con esta OT,sin_valor_compra,No hay fila en Hoja 1 por OT ni SP
33,Marca temporal: 2025-10-10 13:21:27 | FECHA REAL ENTREGA: ,,203128,19445,2025-12-23 0:00:00,,,,ENTREGADO (PENDIENTE PROCESO INTERNO),,truco_sp_en_texto,SP 19445 extraida de comentarios/descripcion de la OT,directo_actividades_ot,1 actividades; 8.0 horas,sin_valor_compra,No hay fila en Hoja 1 por OT ni SP
34,Marca temporal: 2025-10-16 13:01:26 | FECHA REAL ENTREGA: 2025-10-16 07:00:00,0.2916666667,,,,,,,,,sin_cruce_sp,No hay OT en Matriz ni SP detectable en la OT,sin_actividades,No hay actividades con esta OT,sin_valor_compra,No hay fila en Hoja 1 por OT ni SP
35,Marca temporal: 2025-10-16 14:08:42 | FECHA REAL ENTREGA: 2025-10-30 16:00:00,14.66666667,,,,,,,,,sin_cruce_sp,No hay OT en Matriz ni SP detectable en la OT,sin_actividades,No hay actividades con esta OT,sin_valor_compra,No hay fila en Hoja 1 por OT ni SP
36,Marca temporal: 2025-10-18 09:47:39 | FECHA REAL ENTREGA: 2025-10-18 00:00:00,-0.41,,,,,,,,,sin_cruce_sp,No hay OT en Matriz ni SP detectable en la OT,sin_actividades,No hay actividades con esta OT,sin_valor_compra,No hay fila en Hoja 1 por OT ni SP
37,Marca temporal: 2025-10-23 10:06:54 | FECHA REAL ENTREGA: 2025-10-25 11:00:00,4.458333333,,,,,,,,,sin_cruce_sp,No hay OT en Matriz ni SP detectable en la OT,sin_actividades,No hay actividades con esta OT,sin_valor_compra,No hay fila en Hoja 1 por OT ni SP
38,Marca temporal: 2025-10-21 10:39:34 | FECHA REAL ENTREGA: 2025-10-23 10:00:00,2.416666667,,,,,,,,,sin_cruce_sp,No hay OT en Matriz ni SP detectable en la OT,sin_actividades,No hay actividades con esta OT,sin_valor_compra,No hay fila en Hoja 1 por OT ni SP
39,Marca temporal: 2025-10-21 10:41:55 | FECHA REAL ENTREGA: 2025-10-23 17:00:00,2.708333333,,,,,,,,,sin_cruce_sp,No hay OT en Matriz ni SP detectable en la OT,sin_actividades,No hay actividades con esta OT,sin_valor_compra,No hay fila en Hoja 1 por OT ni SP
40,Marca temporal: 2025-10-21 12:54:35 | FECHA REAL ENTREGA: 2025-10-30 16:00:00,9.666666667,,,,,,,,,sin_cruce_sp,No hay OT en Matriz ni SP detectable en la OT,sin_actividades,No hay actividades con esta OT,sin_valor_compra,No hay fila en Hoja 1 por OT ni SP
41,Marca temporal: 2025-10-24 10:42:43 | FECHA REAL ENTREGA: ,,,,,,,,,,sin_cruce_sp,No hay OT en Matriz ni SP detectable en la OT,sin_actividades,No hay actividades con esta OT,sin_valor_compra,No hay fila en Hoja 1 por OT ni SP
42,Marca temporal: 2025-10-25 08:44:07 | FECHA REAL ENTREGA: 2025-11-06 17:00:00,54.70833333,,,,,,,,,sin_cruce_sp,No hay OT en Matriz ni SP detectable en la OT,sin_actividades,No hay actividades con esta OT,sin_valor_compra,No hay fila en Hoja 1 por OT ni SP
43,Marca temporal: 2025-10-27 13:32:59 | FECHA REAL ENTREGA: 2025-10-20 07:00:00,2.291666667,52294.4,,,,,,,,sin_cruce_sp,No hay OT en Matriz ni SP detectable en la OT,directo_actividades_ot,1 actividades; 5.0 horas,sin_valor_compra,No hay fila en Hoja 1 por OT ni SP
44,Marca temporal: 2025-10-27 13:34:28 | FECHA REAL ENTREGA: 2025-10-25 13:00:00,2.541666667,,,,,,,,,sin_cruce_sp,No hay OT en Matriz ni SP detectable en la OT,sin_actividades,No hay actividades con esta OT,sin_valor_compra,No hay fila en Hoja 1 por OT ni SP
45,Marca temporal: 2025-10-27 15:05:27 | FECHA REAL ENTREGA: ,,,,,,,,,,sin_cruce_sp,No hay OT en Matriz ni SP detectable en la OT,sin_actividades,No hay actividades con esta OT,sin_valor_compra,No hay fila en Hoja 1 por OT ni SP
46,Marca temporal: 2025-10-28 12:50:19 | FECHA REAL ENTREGA: 2025-10-28 16:00:00,0.6666666667,,,,,,,,,sin_cruce_sp,No hay OT en Matriz ni SP detectable en la OT,sin_actividades,No hay actividades con esta OT,sin_valor_compra,No hay fila en Hoja 1 por OT ni SP
47,Marca temporal: 2025-10-28 14:02:51 | FECHA REAL ENTREGA: 2025-12-30 00:00:00,63,242642.5,19051,2025-11-01 0:00:00,,,,ENTREGADO,,truco_sp_en_texto,SP 19051 extraida de comentarios/descripcion de la OT,directo_actividades_ot,2 actividades; 11.0 horas,sin_valor_compra,No hay fila en Hoja 1 por OT ni SP
48,Marca temporal: 2025-10-28 17:07:39 | FECHA REAL ENTREGA: 2025-10-30 12:00:00,2.5,,,,,,,,,sin_cruce_sp,No hay OT en Matriz ni SP detectable en la OT,sin_actividades,No hay actividades con esta OT,sin_valor_compra,No hay fila en Hoja 1 por OT ni SP
49,Marca temporal: 2025-10-28 17:10:48 | FECHA REAL ENTREGA: 2025-10-31 12:00:00,3.5,,,,,,,,,sin_cruce_sp,No hay OT en Matriz ni SP detectable en la OT,sin_actividades,No hay actividades con esta OT,sin_valor_compra,No hay fila en Hoja 1 por OT ni SP
50,Marca temporal: 2025-10-29 08:24:58 | FECHA REAL ENTREGA: 2025-10-29 09:00:00,2.375,,,,,,,,,sin_cruce_sp,No hay OT en Matriz ni SP detectable en la OT,sin_actividades,No hay actividades con esta OT,sin_valor_compra,No hay fila en Hoja 1 por OT ni SP
51,Marca temporal: 2025-10-29 08:28:18 | FECHA REAL ENTREGA: 2025-10-28 10:00:00,1.416666667,,,,,,,,,sin_cruce_sp,No hay OT en Matriz ni SP detectable en la OT,sin_actividades,No hay actividades con esta OT,sin_valor_compra,No hay fila en Hoja 1 por OT ni SP
52,Marca temporal: 2025-10-29 09:46:03 | FECHA REAL ENTREGA: 2025-11-24 07:00:00,26.29166667,,,,,,,,,sin_cruce_sp,No hay OT en Matriz ni SP detectable en la OT,sin_actividades,No hay actividades con esta OT,sin_valor_compra,No hay fila en Hoja 1 por OT ni SP
53,Marca temporal: 2025-10-29 13:38:03 | FECHA REAL ENTREGA: 2025-11-06 09:40:00,8.402777778,,,,,,,,,sin_cruce_sp,No hay OT en Matriz ni SP detectable en la OT,sin_actividades,No hay actividades con esta OT,sin_valor_compra,No hay fila en Hoja 1 por OT ni SP
54,Marca temporal: 2025-10-30 07:40:05 | FECHA REAL ENTREGA: 2025-10-30 15:00:00,0.625,,,,,,,,,sin_cruce_sp,No hay OT en Matriz ni SP detectable en la OT,sin_actividades,No hay actividades con esta OT,sin_valor_compra,No hay fila en Hoja 1 por OT ni SP
55,Marca temporal: 2025-10-30 12:33:03 | FECHA REAL ENTREGA: 2025-11-05 15:00:00,6.625,,,,,,,,,sin_cruce_sp,No hay OT en Matriz ni SP detectable en la OT,sin_actividades,No hay actividades con esta OT,sin_valor_compra,No hay fila en Hoja 1 por OT ni SP
56,Marca temporal: 2025-10-31 08:14:43 | FECHA REAL ENTREGA: 2025-11-08 00:00:00,8,,,,,,,,,sin_cruce_sp,No hay OT en Matriz ni SP detectable en la OT,sin_actividades,No hay actividades con esta OT,sin_valor_compra,No hay fila en Hoja 1 por OT ni SP
57,Marca temporal: 2025-11-01 10:36:05 | FECHA REAL ENTREGA: ,,,,,,,,,,sin_cruce_sp,No hay OT en Matriz ni SP detectable en la OT,sin_actividades,No hay actividades con esta OT,sin_valor_compra,No hay fila en Hoja 1 por OT ni SP
58,Marca temporal: 2025-11-04 13:59:43 | FECHA REAL ENTREGA: 2025-11-21 07:00:00,17.29166667,,,,,,,,,sin_cruce_sp,No hay OT en Matriz ni SP detectable en la OT,sin_actividades,No hay actividades con esta OT,sin_valor_compra,No hay fila en Hoja 1 por OT ni SP
59,Marca temporal: 2025-11-10 09:48:26 | FECHA REAL ENTREGA: 2025-11-14 12:00:00,4.5,,,,,,,,,sin_cruce_sp,No hay OT en Matriz ni SP detectable en la OT,sin_actividades,No hay actividades con esta OT,sin_valor_compra,No hay fila en Hoja 1 por OT ni SP
60,Marca temporal: 2025-11-10 10:04:45 | FECHA REAL ENTREGA: 2025-11-14 12:00:00,4.5,,,,,,,,,sin_cruce_sp,No hay OT en Matriz ni SP detectable en la OT,sin_actividades,No hay actividades con esta OT,sin_valor_compra,No hay fila en Hoja 1 por OT ni SP
61,Marca temporal: 2025-11-12 14:17:17 | FECHA REAL ENTREGA: 2025-11-13 17:00:00,1.708333333,,,,,,,,,sin_cruce_sp,No hay OT en Matriz ni SP detectable en la OT,sin_actividades,No hay actividades con esta OT,sin_valor_compra,No hay fila en Hoja 1 por OT ni SP
62,Marca temporal: 2025-11-13 09:52:10 | FECHA REAL ENTREGA: 2026-01-15 00:00:00,63,296600.73,,,,,,,,sin_cruce_sp,No hay OT en Matriz ni SP detectable en la OT,directo_actividades_ot,5 actividades; 25.0 horas,sin_valor_compra,No hay fila en Hoja 1 por OT ni SP
63,Marca temporal: 2025-11-13 10:03:01 | FECHA REAL ENTREGA: 2025-11-13 17:00:00,0.7083333333,,,,,,,,,sin_cruce_sp,No hay OT en Matriz ni SP detectable en la OT,sin_actividades,No hay actividades con esta OT,sin_valor_compra,No hay fila en Hoja 1 por OT ni SP
64,Marca temporal: 2025-11-13 10:14:36 | FECHA REAL ENTREGA: 2025-11-13 09:00:00,0.375,,,,,,,,,sin_cruce_sp,No hay OT en Matriz ni SP detectable en la OT,sin_actividades,No hay actividades con esta OT,sin_valor_compra,No hay fila en Hoja 1 por OT ni SP
65,Marca temporal: 2025-11-13 10:23:28 | FECHA REAL ENTREGA: 2025-11-13 00:00:00,-0.43,,,,,,,,,sin_cruce_sp,No hay OT en Matriz ni SP detectable en la OT,sin_actividades,No hay actividades con esta OT,sin_valor_compra,No hay fila en Hoja 1 por OT ni SP
66,Marca temporal: 2025-11-13 11:24:44 | FECHA REAL ENTREGA: 2025-12-13 11:00:00,30.45833333,148536,,,,,,,,sin_cruce_sp,No hay OT en Matriz ni SP detectable en la OT,directo_actividades_ot,1 actividades; 8.0 horas,sin_valor_compra,No hay fila en Hoja 1 por OT ni SP
67,Marca temporal: 2025-11-13 11:48:32 | FECHA REAL ENTREGA: 2025-11-24 09:00:00,11.375,,,,,,,,,sin_cruce_sp,No hay OT en Matriz ni SP detectable en la OT,sin_actividades,No hay actividades con esta OT,sin_valor_compra,No hay fila en Hoja 1 por OT ni SP
68,Marca temporal: 2025-11-13 13:00:52 | FECHA REAL ENTREGA: 2026-01-15 00:00:00,63,,,,,,,,,sin_cruce_sp,No hay OT en Matriz ni SP detectable en la OT,sin_actividades,No hay actividades con esta OT,sin_valor_compra,No hay fila en Hoja 1 por OT ni SP
69,Marca temporal: 2025-11-15 08:04:25 | FECHA REAL ENTREGA: 2025-11-19 17:00:00,4.708333333,,,,,,,,,sin_cruce_sp,No hay OT en Matriz ni SP detectable en la OT,sin_actividades,No hay actividades con esta OT,sin_valor_compra,No hay fila en Hoja 1 por OT ni SP
70,Marca temporal: 2025-11-18 09:17:41 | FECHA REAL ENTREGA: 2025-11-18 09:00:00,0.375,,,,,,,,,sin_cruce_sp,No hay OT en Matriz ni SP detectable en la OT,sin_actividades,No hay actividades con esta OT,sin_valor_compra,No hay fila en Hoja 1 por OT ni SP
71,Marca temporal: 2025-11-18 09:21:12 | FECHA REAL ENTREGA: 2025-11-18 17:00:00,0.7083333333,,,,,,,,,sin_cruce_sp,No hay OT en Matriz ni SP detectable en la OT,sin_actividades,No hay actividades con esta OT,sin_valor_compra,No hay fila en Hoja 1 por OT ni SP
72,Marca temporal: 2025-11-21 13:57:28 | FECHA REAL ENTREGA: 2025-11-28 12:00:00,7.5,,,,,,,,,sin_cruce_sp,No hay OT en Matriz ni SP detectable en la OT,sin_actividades,No hay actividades con esta OT,sin_valor_compra,No hay fila en Hoja 1 por OT ni SP
73,Marca temporal: 2025-11-21 16:34:58 | FECHA REAL ENTREGA: 2025-11-21 16:30:00,0.6875,,,,,,,,,sin_cruce_sp,No hay OT en Matriz ni SP detectable en la OT,sin_actividades,No hay actividades con esta OT,sin_valor_compra,No hay fila en Hoja 1 por OT ni SP
74,Marca temporal: 2025-11-25 09:40:53 | FECHA REAL ENTREGA: 2025-11-25 00:00:00,-0.4,,,,,,,,,sin_cruce_sp,No hay OT en Matriz ni SP detectable en la OT,sin_actividades,No hay actividades con esta OT,sin_valor_compra,No hay fila en Hoja 1 por OT ni SP
75,Marca temporal: 2025-11-25 08:45:37 | FECHA REAL ENTREGA: 2025-11-25 17:00:00,0.7083333333,,,,,,,,,sin_cruce_sp,No hay OT en Matriz ni SP detectable en la OT,sin_actividades,No hay actividades con esta OT,sin_valor_compra,No hay fila en Hoja 1 por OT ni SP
76,Marca temporal: 2025-11-25 09:05:13 | FECHA REAL ENTREGA: 2025-11-03 00:00:00,2,,,,,,,,,sin_cruce_sp,No hay OT en Matriz ni SP detectable en la OT,sin_actividades,No hay actividades con esta OT,sin_valor_compra,No hay fila en Hoja 1 por OT ni SP
77,Marca temporal: 2025-11-25 09:06:33 | FECHA REAL ENTREGA: 2025-11-01 12:00:00,0.5,,,,,,,,,sin_cruce_sp,No hay OT en Matriz ni SP detectable en la OT,sin_actividades,No hay actividades con esta OT,sin_valor_compra,No hay fila en Hoja 1 por OT ni SP
78,Marca temporal: 2025-11-25 09:08:39 | FECHA REAL ENTREGA: 2025-11-01 03:00:00,0.125,,,,,,,,,sin_cruce_sp,No hay OT en Matriz ni SP detectable en la OT,sin_actividades,No hay actividades con esta OT,sin_valor_compra,No hay fila en Hoja 1 por OT ni SP
79,Marca temporal: 2025-11-25 09:10:09 | FECHA REAL ENTREGA: 2025-11-22 00:00:00,1,,,,,,,,,sin_cruce_sp,No hay OT en Matriz ni SP detectable en la OT,sin_actividades,No hay actividades con esta OT,sin_valor_compra,No hay fila en Hoja 1 por OT ni SP
80,Marca temporal: 2025-11-25 09:35:49 | FECHA REAL ENTREGA: 2025-11-25 00:00:00,24,,,,,,,,,sin_cruce_sp,No hay OT en Matriz ni SP detectable en la OT,sin_actividades,No hay actividades con esta OT,sin_valor_compra,No hay fila en Hoja 1 por OT ni SP
81,Marca temporal: 2025-11-25 10:36:01 | FECHA REAL ENTREGA: ,,,19341,2025-12-23 0:00:00,,,,ENTREGADO,,truco_sp_en_texto,SP 19341 extraida de comentarios/descripcion de la OT,sin_actividades,No hay actividades con esta OT,sin_valor_compra,No hay fila en Hoja 1 por OT ni SP
82,Marca temporal: 2025-11-25 13:46:53 | FECHA REAL ENTREGA: 2025-11-26 17:00:00,1.708333333,,,,,,,,,sin_cruce_sp,No hay OT en Matriz ni SP detectable en la OT,sin_actividades,No hay actividades con esta OT,sin_valor_compra,No hay fila en Hoja 1 por OT ni SP
83,Marca temporal: 2025-11-26 07:53:35 | FECHA REAL ENTREGA: 2025-11-27 09:00:00,1.375,,,,,,,,,sin_cruce_sp,No hay OT en Matriz ni SP detectable en la OT,sin_actividades,No hay actividades con esta OT,sin_valor_compra,No hay fila en Hoja 1 por OT ni SP
84,Marca temporal: 2025-11-27 07:33:30 | FECHA REAL ENTREGA: 2025-11-27 09:00:00,0.375,147700,,,,,,,,sin_cruce_sp,No hay OT en Matriz ni SP detectable en la OT,directo_actividades_ot,1 actividades; 5.0 horas,sin_valor_compra,No hay fila en Hoja 1 por OT ni SP
85,Marca temporal: 2025-11-27 07:36:41 | FECHA REAL ENTREGA: 2025-12-22 09:00:00,25.375,818202.44,,,,,,,,sin_cruce_sp,No hay OT en Matriz ni SP detectable en la OT,directo_actividades_ot,7 actividades; 39.0 horas,sin_valor_compra,No hay fila en Hoja 1 por OT ni SP
86,Marca temporal: 2025-11-27 11:04:40 | FECHA REAL ENTREGA: 2025-11-28 09:00:00,1.375,148536,,,,,,,,sin_cruce_sp,No hay OT en Matriz ni SP detectable en la OT,directo_actividades_ot,2 actividades; 8.0 horas,sin_valor_compra,No hay fila en Hoja 1 por OT ni SP
87,Marca temporal: 2025-12-01 07:24:19 | FECHA REAL ENTREGA: 2025-12-02 10:00:00,1.416666667,129969,,,,,,,,sin_cruce_sp,No hay OT en Matriz ni SP detectable en la OT,directo_actividades_ot,2 actividades; 7.0 horas,sin_valor_compra,No hay fila en Hoja 1 por OT ni SP
88,Marca temporal: 2025-12-01 09:33:59 | FECHA REAL ENTREGA: 2025-12-02 12:00:00,1.5,74268,,,,,,,,sin_cruce_sp,No hay OT en Matriz ni SP detectable en la OT,directo_actividades_ot,1 actividades; 4.0 horas,sin_valor_compra,No hay fila en Hoja 1 por OT ni SP
89,Marca temporal: 2025-12-01 10:25:06 | FECHA REAL ENTREGA: 2025-11-29 09:00:00,1.375,,,,,,,,,sin_cruce_sp,No hay OT en Matriz ni SP detectable en la OT,sin_actividades,No hay actividades con esta OT,sin_valor_compra,No hay fila en Hoja 1 por OT ni SP
90,Marca temporal: 2025-12-01 11:13:46 | FECHA REAL ENTREGA: 2025-12-01 00:00:00,-0.47,,,,,,,,,sin_cruce_sp,No hay OT en Matriz ni SP detectable en la OT,sin_actividades,No hay actividades con esta OT,sin_valor_compra,No hay fila en Hoja 1 por OT ni SP
91,Marca temporal: 2025-12-01 15:18:00 | FECHA REAL ENTREGA: 2025-12-01 15:00:00,2.625,129969,,,,,,,,sin_cruce_sp,No hay OT en Matriz ni SP detectable en la OT,directo_actividades_ot,2 actividades; 7.0 horas,sin_valor_compra,No hay fila en Hoja 1 por OT ni SP
92,Marca temporal: 2025-12-01 15:40:29 | FECHA REAL ENTREGA: ,,2498904.59,,,,,,,,sin_cruce_sp,No hay OT en Matriz ni SP detectable en la OT,directo_actividades_ot,21 actividades; 129.0 horas,sin_valor_compra,No hay fila en Hoja 1 por OT ni SP
93,Marca temporal: 2025-12-01 15:43:50 | FECHA REAL ENTREGA: 2025-12-02 17:00:00,8.708333333,541012,,,,,,,,sin_cruce_sp,No hay OT en Matriz ni SP detectable en la OT,directo_actividades_ot,3 actividades; 20.0 horas,sin_valor_compra,No hay fila en Hoja 1 por OT ni SP
94,Marca temporal: 2025-12-01 15:59:42 | FECHA REAL ENTREGA: 2025-12-12 00:00:00,11,2145677.38,,,,,,,,sin_cruce_sp,No hay OT en Matriz ni SP detectable en la OT,directo_actividades_ot,14 actividades; 101.5 horas,sin_valor_compra,No hay fila en Hoja 1 por OT ni SP
95,Marca temporal: 2025-12-01 16:54:39 | FECHA REAL ENTREGA: ,,6254199.62,,,,,,,,sin_cruce_sp,No hay OT en Matriz ni SP detectable en la OT,directo_actividades_ot,47 actividades; 296.0 horas,sin_valor_compra,No hay fila en Hoja 1 por OT ni SP
96,Marca temporal: 2025-12-02 07:48:26 | FECHA REAL ENTREGA: 2025-12-11 09:00:00,9.375,226614,,,,,,,,sin_cruce_sp,No hay OT en Matriz ni SP detectable en la OT,directo_actividades_ot,2 actividades; 10.0 horas,sin_valor_compra,No hay fila en Hoja 1 por OT ni SP
97,Marca temporal: 2025-12-02 08:03:47 | FECHA REAL ENTREGA: 2025-12-15 09:00:00,13.375,111402,,,,,,,,sin_cruce_sp,No hay OT en Matriz ni SP detectable en la OT,directo_actividades_ot,2 actividades; 6.0 horas,sin_valor_compra,No hay fila en Hoja 1 por OT ni SP
98,Marca temporal: 2025-12-02 13:04:21 | FECHA REAL ENTREGA: 2025-12-03 07:00:00,1.291666667,92835,,,,,,,,sin_cruce_sp,No hay OT en Matriz ni SP detectable en la OT,directo_actividades_ot,2 actividades; 5.0 horas,sin_valor_compra,No hay fila en Hoja 1 por OT ni SP
99,Marca temporal: 2025-12-03 09:14:48 | FECHA REAL ENTREGA: ,,1559187,,,,,,,,sin_cruce_sp,No hay OT en Matriz ni SP detectable en la OT,directo_actividades_ot,10 actividades; 63.0 horas,sin_valor_compra,No hay fila en Hoja 1 por OT ni SP
100,Marca temporal: 2025-12-03 09:28:52 | FECHA REAL ENTREGA: ,,284233.74,,,,,,,,sin_cruce_sp,No hay OT en Matriz ni SP detectable en la OT,directo_actividades_ot,3 actividades; 12.0 horas,sin_valor_compra,No hay fila en Hoja 1 por OT ni SP
101,Marca temporal: 2025-12-03 14:08:01 | FECHA REAL ENTREGA: 2026-01-05 00:00:00,33,315639,19477,2025-12-10 0:00:00,,,,ENTREGADO,,truco_sp_en_texto,SP 19477 extraida de comentarios/descripcion de la OT,directo_actividades_ot,3 actividades; 17.0 horas,sin_valor_compra,No hay fila en Hoja 1 por OT ni SP
102,Marca temporal: 2025-12-04 07:44:11 | FECHA REAL ENTREGA: 2025-12-03 19:00:00,0.7916666667,173580,,,,,,,,sin_cruce_sp,No hay OT en Matriz ni SP detectable en la OT,directo_actividades_ot,1 actividades; 7.5 horas,sin_valor_compra,No hay fila en Hoja 1 por OT ni SP
103,Marca temporal: 2025-12-04 07:45:45 | FECHA REAL ENTREGA: 2025-12-03 14:00:00,0.5833333333,11572,,,,,,,,sin_cruce_sp,No hay OT en Matriz ni SP detectable en la OT,directo_actividades_ot,1 actividades; 0.5 horas,sin_valor_compra,No hay fila en Hoja 1 por OT ni SP
104,Marca temporal: 2025-12-04 10:17:41 | FECHA REAL ENTREGA: 2025-12-04 09:00:00,0.375,,,,,,,,,sin_cruce_sp,No hay OT en Matriz ni SP detectable en la OT,sin_actividades,No hay actividades con esta OT,sin_valor_compra,No hay fila en Hoja 1 por OT ni SP
105,Marca temporal: 2025-12-04 10:31:08 | FECHA REAL ENTREGA: 2025-12-02 09:00:00,0.375,,,,,,,,,sin_cruce_sp,No hay OT en Matriz ni SP detectable en la OT,sin_actividades,No hay actividades con esta OT,sin_valor_compra,No hay fila en Hoja 1 por OT ni SP
106,Marca temporal: 2025-12-04 13:19:38 | FECHA REAL ENTREGA: 2025-12-01 00:00:00,-3.56,,,,,,,,,sin_cruce_sp,No hay OT en Matriz ni SP detectable en la OT,sin_actividades,No hay actividades con esta OT,sin_valor_compra,No hay fila en Hoja 1 por OT ni SP
107,Marca temporal: 2025-12-04 13:53:03 | FECHA REAL ENTREGA: 2025-12-03 00:00:00,-1.58,,,,,,,,,sin_cruce_sp,No hay OT en Matriz ni SP detectable en la OT,sin_actividades,No hay actividades con esta OT,sin_valor_compra,No hay fila en Hoja 1 por OT ni SP
108,Marca temporal: 2025-12-04 15:03:03 | FECHA REAL ENTREGA: 2025-12-04 17:00:00,0.7083333333,3327885.83,,,,,,,,sin_cruce_sp,No hay OT en Matriz ni SP detectable en la OT,directo_actividades_ot,20 actividades; 148.67 horas,sin_valor_compra,No hay fila en Hoja 1 por OT ni SP
109,Marca temporal: 2025-12-06 10:42:58 | FECHA REAL ENTREGA: 2025-12-06 00:00:00,-0.45,,,,,,,,,sin_cruce_sp,No hay OT en Matriz ni SP detectable en la OT,sin_actividades,No hay actividades con esta OT,sin_valor_compra,No hay fila en Hoja 1 por OT ni SP
110,Marca temporal: 2025-12-09 08:34:09 | FECHA REAL ENTREGA: 2025-12-09 00:00:00,-0.36,,,,,,,,,sin_cruce_sp,No hay OT en Matriz ni SP detectable en la OT,sin_actividades,No hay actividades con esta OT,sin_valor_compra,No hay fila en Hoja 1 por OT ni SP
111,Marca temporal: 2025-12-09 08:35:06 | FECHA REAL ENTREGA: 2025-12-09 00:00:00,-0.36,,,,,,,,,sin_cruce_sp,No hay OT en Matriz ni SP detectable en la OT,sin_actividades,No hay actividades con esta OT,sin_valor_compra,No hay fila en Hoja 1 por OT ni SP
112,Marca temporal: 2025-12-09 14:28:48 | FECHA REAL ENTREGA: 2025-12-09 02:00:00,0.08333333334,,,,,,,,,sin_cruce_sp,No hay OT en Matriz ni SP detectable en la OT,sin_actividades,No hay actividades con esta OT,sin_valor_compra,No hay fila en Hoja 1 por OT ni SP
113,Marca temporal: 2025-12-09 15:38:23 | FECHA REAL ENTREGA: 2025-12-11 16:30:00,2.6875,222804,,,,,,,,sin_cruce_sp,No hay OT en Matriz ni SP detectable en la OT,directo_actividades_ot,2 actividades; 12.0 horas,sin_valor_compra,No hay fila en Hoja 1 por OT ni SP
114,Marca temporal: 2025-12-10 08:43:31 | FECHA REAL ENTREGA: 2026-01-08 00:00:00,29,1533855,19533,2025-12-13 0:00:00,,,,ENTREGADO,,truco_sp_en_texto,SP 19533 extraida de comentarios/descripcion de la OT,directo_actividades_ot,9 actividades; 60.0 horas,sin_valor_compra,No hay fila en Hoja 1 por OT ni SP
115,Marca temporal: 2025-12-10 08:44:58 | FECHA REAL ENTREGA: 2025-12-29 11:00:00,19.45833333,,19504,2025-12-11 0:00:00,,,,RADICADA,,truco_sp_en_texto,SP 19504 extraida de comentarios/descripcion de la OT,sin_actividades,No hay actividades con esta OT,sin_valor_compra,No hay fila en Hoja 1 por OT ni SP
116,Marca temporal: 2025-12-11 09:10:57 | FECHA REAL ENTREGA: 2025-12-11 15:00:00,0.625,126904,,,,,,,,sin_cruce_sp,No hay OT en Matriz ni SP detectable en la OT,directo_actividades_ot,1 actividades; 8.0 horas,sin_valor_compra,No hay fila en Hoja 1 por OT ni SP
117,Marca temporal: 2025-12-11 09:16:41 | FECHA REAL ENTREGA: 2025-12-11 15:00:00,0.625,,,,,,,,,sin_cruce_sp,No hay OT en Matriz ni SP detectable en la OT,sin_actividades,No hay actividades con esta OT,sin_valor_compra,No hay fila en Hoja 1 por OT ni SP
118,Marca temporal: 2025-12-11 11:39:00 | FECHA REAL ENTREGA: 2025-12-25 00:00:00,14,,18330,2025-09-03 0:00:00,,,,RADICADA,,truco_sp_en_texto,SP 18330 extraida de comentarios/descripcion de la OT,sin_actividades,No hay actividades con esta OT,sin_valor_compra,No hay fila en Hoja 1 por OT ni SP
119,Marca temporal: 2025-12-12 15:24:08 | FECHA REAL ENTREGA: 2025-12-27 00:00:00,15,208296,19471,2025-12-10 0:00:00,,,,RADICADA,,truco_sp_en_texto,SP 19471 extraida de comentarios/descripcion de la OT,directo_actividades_ot,2 actividades; 9.0 horas,sin_valor_compra,No hay fila en Hoja 1 por OT ni SP
120,Marca temporal: 2025-12-12 15:30:30 | FECHA REAL ENTREGA: 2025-12-12 16:00:00,0.6666666667,47589,,,,,,,,sin_cruce_sp,No hay OT en Matriz ni SP detectable en la OT,directo_actividades_ot,1 actividades; 3.0 horas,sin_valor_compra,No hay fila en Hoja 1 por OT ni SP
121,Marca temporal: 2025-12-12 15:32:02 | FECHA REAL ENTREGA: 2025-12-12 16:00:00,0.6666666667,95178,,,,,,,,sin_cruce_sp,No hay OT en Matriz ni SP detectable en la OT,directo_actividades_ot,1 actividades; 6.0 horas,sin_valor_compra,No hay fila en Hoja 1 por OT ni SP
122,Marca temporal: 2025-12-12 16:01:34 | FECHA REAL ENTREGA: 2025-12-17 17:00:00,5.708333333,,19534,,,,,,,truco_sp_en_texto_sin_matriz,"SP 19534 extraida, pero no existe en Matriz",sin_actividades,No hay actividades con esta OT,sin_valor_compra,No hay fila en Hoja 1 por OT ni SP
123,Marca temporal: 2025-12-15 09:23:19 | FECHA REAL ENTREGA: 2025-12-12 17:00:00,0.7083333333,55701,,,,,,,,sin_cruce_sp,No hay OT en Matriz ni SP detectable en la OT,directo_actividades_ot,1 actividades; 3.0 horas,sin_valor_compra,No hay fila en Hoja 1 por OT ni SP
124,Marca temporal: 2025-12-15 10:39:45 | FECHA REAL ENTREGA: 2025-12-15 12:00:00,0.5,435883.14,,,,,,,,sin_cruce_sp,No hay OT en Matriz ni SP detectable en la OT,directo_actividades_ot,5 actividades; 28.5 horas,sin_valor_compra,No hay fila en Hoja 1 por OT ni SP
125,Marca temporal: 2025-12-15 14:06:00 | FECHA REAL ENTREGA: 2025-12-15 12:00:00,4.5,1015640,,,,,,,,sin_cruce_sp,No hay OT en Matriz ni SP detectable en la OT,directo_actividades_ot,5 actividades; 40.0 horas,sin_valor_compra,No hay fila en Hoja 1 por OT ni SP
126,Marca temporal: 2025-12-16 08:08:26 | FECHA REAL ENTREGA: 2025-12-16 15:00:00,0.625,126904,,,,,,,,sin_cruce_sp,No hay OT en Matriz ni SP detectable en la OT,directo_actividades_ot,1 actividades; 8.0 horas,sin_valor_compra,No hay fila en Hoja 1 por OT ni SP
127,Marca temporal: 2025-12-16 15:57:29 | FECHA REAL ENTREGA: 2025-12-16 15:00:00,0.625,204237,,,,,,,,sin_cruce_sp,No hay OT en Matriz ni SP detectable en la OT,directo_actividades_ot,2 actividades; 11.0 horas,sin_valor_compra,No hay fila en Hoja 1 por OT ni SP
128,Marca temporal: 2025-12-17 13:07:21 | FECHA REAL ENTREGA: 2025-12-17 00:00:00,-0.55,,,,,,,,,sin_cruce_sp,No hay OT en Matriz ni SP detectable en la OT,sin_actividades,No hay actividades con esta OT,sin_valor_compra,No hay fila en Hoja 1 por OT ni SP
129,Marca temporal: 2025-12-17 14:35:15 | FECHA REAL ENTREGA: 2025-12-23 17:00:00,6.708333333,131260.04,19535,2025-12-15 0:00:00,,,,RADICADA,,truco_sp_en_texto,SP 19535 extraida de comentarios/descripcion de la OT,directo_actividades_ot,2 actividades; 11.0 horas,sin_valor_compra,No hay fila en Hoja 1 por OT ni SP
130,Marca temporal: 2025-12-17 14:37:13 | FECHA REAL ENTREGA: 2025-12-17 00:00:00,-0.61,,,,,,,,,sin_cruce_sp,No hay OT en Matriz ni SP detectable en la OT,sin_actividades,No hay actividades con esta OT,sin_valor_compra,No hay fila en Hoja 1 por OT ni SP
131,Marca temporal: 2025-12-17 15:22:54 | FECHA REAL ENTREGA: 2025-12-17 00:00:00,-0.64,,,,,,,,,sin_cruce_sp,No hay OT en Matriz ni SP detectable en la OT,sin_actividades,No hay actividades con esta OT,sin_valor_compra,No hay fila en Hoja 1 por OT ni SP
132,Marca temporal: 2025-12-18 04:54:49 | FECHA REAL ENTREGA: 2025-12-18 09:00:00,0.375,,,,,,,,,sin_cruce_sp,No hay OT en Matriz ni SP detectable en la OT,sin_actividades,No hay actividades con esta OT,sin_valor_compra,No hay fila en Hoja 1 por OT ni SP
133,Marca temporal: 2025-12-18 10:42:40 | FECHA REAL ENTREGA: 2026-01-13 00:00:00,26,455717.4,,,,,,,,sin_cruce_sp,No hay OT en Matriz ni SP detectable en la OT,directo_actividades_ot,4 actividades; 22.0 horas,sin_valor_compra,No hay fila en Hoja 1 por OT ni SP
134,Marca temporal: 2025-12-18 10:43:48 | FECHA REAL ENTREGA: ,,,,,,,,,,sin_cruce_sp,No hay OT en Matriz ni SP detectable en la OT,sin_actividades,No hay actividades con esta OT,sin_valor_compra,No hay fila en Hoja 1 por OT ni SP
135,Marca temporal: 2025-12-18 14:19:18 | FECHA REAL ENTREGA: 2025-12-26 11:00:00,8.458333333,92835,,,,,,,,sin_cruce_sp,No hay OT en Matriz ni SP detectable en la OT,directo_actividades_ot,1 actividades; 5.0 horas,sin_valor_compra,No hay fila en Hoja 1 por OT ni SP
136,Marca temporal: 2025-12-19 09:12:31 | FECHA REAL ENTREGA: ,,,19642,2025-12-23 0:00:00,,,,ENTREGADO,,truco_sp_en_texto,SP 19642 extraida de comentarios/descripcion de la OT,sin_actividades,No hay actividades con esta OT,sin_valor_compra,No hay fila en Hoja 1 por OT ni SP
137,Marca temporal: 2025-12-19 09:14:40 | FECHA REAL ENTREGA: 2025-12-19 00:00:00,-0.39,,,,,,,,,sin_cruce_sp,No hay OT en Matriz ni SP detectable en la OT,sin_actividades,No hay actividades con esta OT,sin_valor_compra,No hay fila en Hoja 1 por OT ni SP
138,Marca temporal: 2025-12-19 09:16:50 | FECHA REAL ENTREGA: 2025-12-19 00:00:00,-0.39,,,,,,,,,sin_cruce_sp,No hay OT en Matriz ni SP detectable en la OT,sin_actividades,No hay actividades con esta OT,sin_valor_compra,No hay fila en Hoja 1 por OT ni SP
139,Marca temporal: 2025-12-19 09:23:32 | FECHA REAL ENTREGA: 2025-12-18 00:00:00,-1.39,,,,,,,,,sin_cruce_sp,No hay OT en Matriz ni SP detectable en la OT,sin_actividades,No hay actividades con esta OT,sin_valor_compra,No hay fila en Hoja 1 por OT ni SP
140,Marca temporal: 2025-12-20 09:23:12 | FECHA REAL ENTREGA: ,,366289,19643,2025-12-26 0:00:00,,,,RADICADA,,truco_sp_en_texto,SP 19643 extraida de comentarios/descripcion de la OT,directo_actividades_ot,3 actividades; 15.0 horas,sin_valor_compra,No hay fila en Hoja 1 por OT ni SP
141,Marca temporal: 2025-12-23 09:12:22 | FECHA REAL ENTREGA: 2025-12-23 09:00:00,5.375,914076,,,,,,,,sin_cruce_sp,No hay OT en Matriz ni SP detectable en la OT,directo_actividades_ot,5 actividades; 36.0 horas,sin_valor_compra,No hay fila en Hoja 1 por OT ni SP
142,Marca temporal: 2025-12-23 09:50:22 | FECHA REAL ENTREGA: 2025-12-23 17:00:00,0.7083333333,,,,,,,,,sin_cruce_sp,No hay OT en Matriz ni SP detectable en la OT,sin_actividades,No hay actividades con esta OT,sin_valor_compra,No hay fila en Hoja 1 por OT ni SP
143,Marca temporal: 2025-12-23 10:33:47 | FECHA REAL ENTREGA: 2025-12-26 14:00:00,3.583333333,158630,,,,,,,,sin_cruce_sp,No hay OT en Matriz ni SP detectable en la OT,directo_actividades_ot,1 actividades; 10.0 horas,sin_valor_compra,No hay fila en Hoja 1 por OT ni SP
144,Marca temporal: 2025-12-23 10:52:04 | FECHA REAL ENTREGA: 2026-01-08 00:00:00,16,,,,,,,,,sin_cruce_sp,No hay OT en Matriz ni SP detectable en la OT,sin_actividades,No hay actividades con esta OT,sin_valor_compra,No hay fila en Hoja 1 por OT ni SP
145,Marca temporal: 2025-12-23 11:04:10 | FECHA REAL ENTREGA: ,,,,,,,,,,sin_cruce_sp,No hay OT en Matriz ni SP detectable en la OT,sin_actividades,No hay actividades con esta OT,sin_valor_compra,No hay fila en Hoja 1 por OT ni SP
146,Marca temporal: 2025-12-23 11:10:42 | FECHA REAL ENTREGA: 2025-12-26 14:00:00,3.583333333,,,,,,,,,sin_cruce_sp,No hay OT en Matriz ni SP detectable en la OT,sin_actividades,No hay actividades con esta OT,sin_valor_compra,No hay fila en Hoja 1 por OT ni SP
147,Marca temporal: 2025-12-23 14:51:11 | FECHA REAL ENTREGA: ,,,19660,2025-12-27 0:00:00,,,,ENTREGADO,,truco_sp_en_texto,SP 19660 extraida de comentarios/descripcion de la OT,sin_actividades,No hay actividades con esta OT,sin_valor_compra,No hay fila en Hoja 1 por OT ni SP
148,Marca temporal: 2025-12-26 16:02:59 | FECHA REAL ENTREGA: 2026-01-10 00:00:00,15,1338899,,,,,,,,sin_cruce_sp,No hay OT en Matriz ni SP detectable en la OT,directo_actividades_ot,8 actividades; 53.0 horas,sin_valor_compra,No hay fila en Hoja 1 por OT ni SP
149,Marca temporal: 2025-12-27 10:49:37 | FECHA REAL ENTREGA: ,,,,,,,,,,sin_cruce_sp,No hay OT en Matriz ni SP detectable en la OT,sin_actividades,No hay actividades con esta OT,sin_valor_compra,No hay fila en Hoja 1 por OT ni SP
150,Marca temporal: 2025-12-27 10:57:38 | FECHA REAL ENTREGA: 2025-12-26 14:00:00,0.5833333333,,,,,,,,,sin_cruce_sp,No hay OT en Matriz ni SP detectable en la OT,sin_actividades,No hay actividades con esta OT,sin_valor_compra,No hay fila en Hoja 1 por OT ni SP
151,Marca temporal: 2025-12-29 08:21:30 | FECHA REAL ENTREGA: ,,300872,,,,,,,,sin_cruce_sp,No hay OT en Matriz ni SP detectable en la OT,directo_actividades_ot,2 actividades; 13.0 horas,sin_valor_compra,No hay fila en Hoja 1 por OT ni SP
152,Marca temporal: 2025-12-29 09:10:12 | FECHA REAL ENTREGA: 2025-12-26 00:00:00,-3.38,,,,,,,,,sin_cruce_sp,No hay OT en Matriz ni SP detectable en la OT,sin_actividades,No hay actividades con esta OT,sin_valor_compra,No hay fila en Hoja 1 por OT ni SP
153,Marca temporal: 2025-12-29 09:11:12 | FECHA REAL ENTREGA: 2025-12-27 00:00:00,-2.38,,,,,,,,,sin_cruce_sp,No hay OT en Matriz ni SP detectable en la OT,sin_actividades,No hay actividades con esta OT,sin_valor_compra,No hay fila en Hoja 1 por OT ni SP
154,Marca temporal: 2025-12-29 09:12:46 | FECHA REAL ENTREGA: 2025-12-29 15:00:00,0.625,,,,,,,,,sin_cruce_sp,No hay OT en Matriz ni SP detectable en la OT,sin_actividades,No hay actividades con esta OT,sin_valor_compra,No hay fila en Hoja 1 por OT ni SP
155,Marca temporal: 2025-12-29 16:19:13 | FECHA REAL ENTREGA: 2025-12-27 00:00:00,-2.68,,,,,,,,,sin_cruce_sp,No hay OT en Matriz ni SP detectable en la OT,sin_actividades,No hay actividades con esta OT,sin_valor_compra,No hay fila en Hoja 1 por OT ni SP
156,Marca temporal: 2025-12-29 16:22:31 | FECHA REAL ENTREGA: ,,,,,,,,,,sin_cruce_sp,No hay OT en Matriz ni SP detectable en la OT,sin_actividades,No hay actividades con esta OT,sin_valor_compra,No hay fila en Hoja 1 por OT ni SP
157,Marca temporal: 2025-12-29 16:26:39 | FECHA REAL ENTREGA: ,,,,,,,,,,sin_cruce_sp,No hay OT en Matriz ni SP detectable en la OT,sin_actividades,No hay actividades con esta OT,sin_valor_compra,No hay fila en Hoja 1 por OT ni SP
158,Marca temporal: 2025-12-29 16:41:22 | FECHA REAL ENTREGA: ,,,,,,,,,,sin_cruce_sp,No hay OT en Matriz ni SP detectable en la OT,sin_actividades,No hay actividades con esta OT,sin_valor_compra,No hay fila en Hoja 1 por OT ni SP
159,Marca temporal: 2025-12-30 07:52:22 | FECHA REAL ENTREGA: ,,,,,,,,,,sin_cruce_sp,No hay OT en Matriz ni SP detectable en la OT,sin_actividades,No hay actividades con esta OT,sin_valor_compra,No hay fila en Hoja 1 por OT ni SP
160,Marca temporal: 2025-12-30 15:56:16 | FECHA REAL ENTREGA: 2026-01-13 00:00:00,14,,,,,,,,,sin_cruce_sp,No hay OT en Matriz ni SP detectable en la OT,sin_actividades,No hay actividades con esta OT,sin_valor_compra,No hay fila en Hoja 1 por OT ni SP
161,Marca temporal: 2026-01-05 09:03:21 | FECHA REAL ENTREGA: ,,,,,,,,,,sin_cruce_sp,No hay OT en Matriz ni SP detectable en la OT,sin_actividades,No hay actividades con esta OT,sin_valor_compra,No hay fila en Hoja 1 por OT ni SP
162,Marca temporal: 2026-01-05 10:11:30 | FECHA REAL ENTREGA: 2026-01-07 00:00:00,2,,,,,,,,,sin_cruce_sp,No hay OT en Matriz ni SP detectable en la OT,sin_actividades,No hay actividades con esta OT,sin_valor_compra,No hay fila en Hoja 1 por OT ni SP
163,Marca temporal: 2026-01-06 08:38:00 | FECHA REAL ENTREGA: 2026-01-07 00:00:00,1,,,,,,,,,sin_cruce_sp,No hay OT en Matriz ni SP detectable en la OT,sin_actividades,No hay actividades con esta OT,sin_valor_compra,No hay fila en Hoja 1 por OT ni SP
164,Marca temporal: 2026-01-06 08:40:38 | FECHA REAL ENTREGA: ,,,,,,,,,,sin_cruce_sp,No hay OT en Matriz ni SP detectable en la OT,sin_actividades,No hay actividades con esta OT,sin_valor_compra,No hay fila en Hoja 1 por OT ni SP
165,Marca temporal: 2026-01-06 11:15:39 | FECHA REAL ENTREGA: ,,,,,,,,,,sin_cruce_sp,No hay OT en Matriz ni SP detectable en la OT,sin_actividades,No hay actividades con esta OT,sin_valor_compra,No hay fila en Hoja 1 por OT ni SP
166,Marca temporal: 2026-01-06 11:57:56 | FECHA REAL ENTREGA: ,,,,,,,,,,sin_cruce_sp,No hay OT en Matriz ni SP detectable en la OT,sin_actividades,No hay actividades con esta OT,sin_valor_compra,No hay fila en Hoja 1 por OT ni SP
167,Marca temporal: 2026-01-06 15:31:07 | FECHA REAL ENTREGA: 2026-01-14 00:00:00,8,,,,,,,,,sin_cruce_sp,No hay OT en Matriz ni SP detectable en la OT,sin_actividades,No hay actividades con esta OT,sin_valor_compra,No hay fila en Hoja 1 por OT ni SP
168,Marca temporal: 2026-01-07 08:51:42 | FECHA REAL ENTREGA: 2026-01-13 00:00:00,6,92835,19720,,,,,,,truco_sp_en_texto_sin_matriz,"SP 19720 extraida, pero no existe en Matriz",directo_actividades_ot,1 actividades; 5.0 horas,sin_valor_compra,No hay fila en Hoja 1 por OT ni SP
169,Marca temporal: 2026-01-07 11:43:40 | FECHA REAL ENTREGA: ,,,,,,,,,,sin_cruce_sp,No hay OT en Matriz ni SP detectable en la OT,sin_actividades,No hay actividades con esta OT,sin_valor_compra,No hay fila en Hoja 1 por OT ni SP
170,Marca temporal: 2026-01-07 14:00:32 | FECHA REAL ENTREGA: ,,,,,,,,,,sin_cruce_sp,No hay OT en Matriz ni SP detectable en la OT,sin_actividades,No hay actividades con esta OT,sin_valor_compra,No hay fila en Hoja 1 por OT ni SP
171,Marca temporal: 2026-01-07 14:09:11 | FECHA REAL ENTREGA: ,,,,,,,,,,sin_cruce_sp,No hay OT en Matriz ni SP detectable en la OT,sin_actividades,No hay actividades con esta OT,sin_valor_compra,No hay fila en Hoja 1 por OT ni SP
172,Marca temporal: 2026-01-07 14:34:07 | FECHA REAL ENTREGA: 2026-01-08 00:00:00,2,,,,,,,,,sin_cruce_sp,No hay OT en Matriz ni SP detectable en la OT,sin_actividades,No hay actividades con esta OT,sin_valor_compra,No hay fila en Hoja 1 por OT ni SP
173,Marca temporal: 2026-01-07 15:01:49 | FECHA REAL ENTREGA: ,,,,,,,,,,sin_cruce_sp,No hay OT en Matriz ni SP detectable en la OT,sin_actividades,No hay actividades con esta OT,sin_valor_compra,No hay fila en Hoja 1 por OT ni SP
174,Marca temporal: 2026-01-08 09:41:06 | FECHA REAL ENTREGA: 2026-01-07 00:00:00,-1.4,,,,,,,,,sin_cruce_sp,No hay OT en Matriz ni SP detectable en la OT,sin_actividades,No hay actividades con esta OT,sin_valor_compra,No hay fila en Hoja 1 por OT ni SP
175,Marca temporal: 2026-01-09 07:30:12 | FECHA REAL ENTREGA: ,,,,,,,,,,sin_cruce_sp,No hay OT en Matriz ni SP detectable en la OT,sin_actividades,No hay actividades con esta OT,sin_valor_compra,No hay fila en Hoja 1 por OT ni SP
176,Marca temporal: 2026-01-09 07:32:09 | FECHA REAL ENTREGA: 2026-01-13 00:00:00,4,92835,,,,,,,,sin_cruce_sp,No hay OT en Matriz ni SP detectable en la OT,directo_actividades_ot,1 actividades; 5.0 horas,sin_valor_compra,No hay fila en Hoja 1 por OT ni SP
177,Marca temporal: 2026-01-09 07:34:10 | FECHA REAL ENTREGA: 2026-01-09 17:00:00,0.7083333333,236850,,,,,,,,sin_cruce_sp,No hay OT en Matriz ni SP detectable en la OT,directo_actividades_ot,2 actividades; 10.0 horas,sin_valor_compra,No hay fila en Hoja 1 por OT ni SP
178,Marca temporal: 2026-01-09 09:21:27 | FECHA REAL ENTREGA: ,,,,,,,,,,sin_cruce_sp,No hay OT en Matriz ni SP detectable en la OT,sin_actividades,No hay actividades con esta OT,sin_valor_compra,No hay fila en Hoja 1 por OT ni SP
179,Marca temporal: 2026-01-09 10:32:05 | FECHA REAL ENTREGA: ,,,19780,2026-01-10 0:00:00,,2OC021518,,ENTREGADO,,truco_sp_en_texto,SP 19780 extraida de comentarios/descripcion de la OT,sin_actividades,No hay actividades con esta OT,sin_valor_compra,No hay fila en Hoja 1 por OT ni SP
180,Marca temporal: 2026-01-10 09:00:07 | FECHA REAL ENTREGA: ,,722954.25,,,,,,,,sin_cruce_sp,No hay OT en Matriz ni SP detectable en la OT,directo_actividades_ot,7 actividades; 51.5 horas,sin_valor_compra,No hay fila en Hoja 1 por OT ni SP
181,Marca temporal: 2026-01-10 09:01:49 | FECHA REAL ENTREGA: ,,,19766,2026-01-10 0:00:00,,2OC021520/21523,,ENTREGADO,,truco_sp_en_texto,SP 19766 extraida de comentarios/descripcion de la OT,sin_actividades,No hay actividades con esta OT,sin_valor_compra,No hay fila en Hoja 1 por OT ni SP
182,Marca temporal: 2026-01-10 10:49:03 | FECHA REAL ENTREGA: ,,148536,,,,,,,,sin_cruce_sp,No hay OT en Matriz ni SP detectable en la OT,directo_actividades_ot,2 actividades; 8.0 horas,sin_valor_compra,No hay fila en Hoja 1 por OT ni SP
183,Marca temporal: 2026-01-10 10:52:03 | FECHA REAL ENTREGA: 2026-01-10 00:00:00,-0.45,609384,,,,,,,,sin_cruce_sp,No hay OT en Matriz ni SP detectable en la OT,directo_actividades_ot,3 actividades; 24.0 horas,sin_valor_compra,No hay fila en Hoja 1 por OT ni SP
184,Marca temporal: 2026-01-13 10:14:13 | FECHA REAL ENTREGA: 2026-01-15 00:00:00,2,,,,,,,,,sin_cruce_sp,No hay OT en Matriz ni SP detectable en la OT,sin_actividades,No hay actividades con esta OT,sin_valor_compra,No hay fila en Hoja 1 por OT ni SP
185,Marca temporal: 2026-01-13 11:42:28 | FECHA REAL ENTREGA: ,,92835,,,,,,,,sin_cruce_sp,No hay OT en Matriz ni SP detectable en la OT,directo_actividades_ot,1 actividades; 5.0 horas,sin_valor_compra,No hay fila en Hoja 1 por OT ni SP
186,Marca temporal: 2026-01-13 15:42:27 | FECHA REAL ENTREGA: ,,,,,,,,,,sin_cruce_sp,No hay OT en Matriz ni SP detectable en la OT,sin_actividades,No hay actividades con esta OT,sin_valor_compra,No hay fila en Hoja 1 por OT ni SP
187,Marca temporal: 2026-01-13 15:52:55 | FECHA REAL ENTREGA: 2026-01-14 00:00:00,1,203128,,,,,,,,sin_cruce_sp,No hay OT en Matriz ni SP detectable en la OT,directo_actividades_ot,1 actividades; 8.0 horas,sin_valor_compra,No hay fila en Hoja 1 por OT ni SP
188,Marca temporal: 2026-01-14 06:58:23 | FECHA REAL ENTREGA: 2026-01-14 00:00:00,-0.29,,,,,,,,,sin_cruce_sp,No hay OT en Matriz ni SP detectable en la OT,sin_actividades,No hay actividades con esta OT,sin_valor_compra,No hay fila en Hoja 1 por OT ni SP
189,Marca temporal: 2026-01-14 07:42:00 | FECHA REAL ENTREGA: 2026-01-14 14:00:00,0.5833333333,,,,,,,,,sin_cruce_sp,No hay OT en Matriz ni SP detectable en la OT,sin_actividades,No hay actividades con esta OT,sin_valor_compra,No hay fila en Hoja 1 por OT ni SP
190,Marca temporal: 2026-01-14 10:13:49 | FECHA REAL ENTREGA: ,,,,,,,,,,sin_cruce_sp,No hay OT en Matriz ni SP detectable en la OT,sin_actividades,No hay actividades con esta OT,sin_valor_compra,No hay fila en Hoja 1 por OT ni SP
191,Marca temporal: 2026-01-14 10:53:01 | FECHA REAL ENTREGA: ,,,,,,,,,,sin_cruce_sp,No hay OT en Matriz ni SP detectable en la OT,sin_actividades,No hay actividades con esta OT,sin_valor_compra,No hay fila en Hoja 1 por OT ni SP
192,Marca temporal: 2026-01-14 14:35:16 | FECHA REAL ENTREGA: 2026-01-15 00:00:00,1,,,,,,,,,sin_cruce_sp,No hay OT en Matriz ni SP detectable en la OT,sin_actividades,No hay actividades con esta OT,sin_valor_compra,No hay fila en Hoja 1 por OT ni SP
193,Marca temporal: 2026-01-15 08:01:09 | FECHA REAL ENTREGA: 2026-01-15 00:00:00,-0.33,,,,,,,,,sin_cruce_sp,No hay OT en Matriz ni SP detectable en la OT,sin_actividades,No hay actividades con esta OT,sin_valor_compra,No hay fila en Hoja 1 por OT ni SP
194,Marca temporal: 2026-01-15 16:45:26 | FECHA REAL ENTREGA: 2026-01-13 00:00:00,-2.7,,,,,,,,,sin_cruce_sp,No hay OT en Matriz ni SP detectable en la OT,sin_actividades,No hay actividades con esta OT,sin_valor_compra,No hay fila en Hoja 1 por OT ni SP
195,Marca temporal: 2026-01-16 07:59:49 | FECHA REAL ENTREGA: ,,,,,,,,,,sin_cruce_sp,No hay OT en Matriz ni SP detectable en la OT,sin_actividades,No hay actividades con esta OT,sin_valor_compra,No hay fila en Hoja 1 por OT ni SP
196,Marca temporal: 2026-01-16 11:02:34 | FECHA REAL ENTREGA: ,,,,,,,,,,sin_cruce_sp,No hay OT en Matriz ni SP detectable en la OT,sin_actividades,No hay actividades con esta OT,sin_valor_compra,No hay fila en Hoja 1 por OT ni SP
197,Marca temporal: 2026-01-16 11:39:29 | FECHA REAL ENTREGA: ,,,,,,,,,,sin_cruce_sp,No hay OT en Matriz ni SP detectable en la OT,sin_actividades,No hay actividades con esta OT,sin_valor_compra,No hay fila en Hoja 1 por OT ni SP
198,Marca temporal: 2026-01-16 11:40:35 | FECHA REAL ENTREGA: 2026-01-17 00:00:00,1,,,,,,,,,sin_cruce_sp,No hay OT en Matriz ni SP detectable en la OT,sin_actividades,No hay actividades con esta OT,sin_valor_compra,No hay fila en Hoja 1 por OT ni SP
199,Marca temporal: 2026-01-19 11:33:42 | FECHA REAL ENTREGA: ,,,,,,,,,,sin_cruce_sp,No hay OT en Matriz ni SP detectable en la OT,sin_actividades,No hay actividades con esta OT,sin_valor_compra,No hay fila en Hoja 1 por OT ni SP
200,Marca temporal: 2026-01-19 14:24:21 | FECHA REAL ENTREGA: 2026-01-19 00:00:00,3,,,,,,,,,sin_cruce_sp,No hay OT en Matriz ni SP detectable en la OT,sin_actividades,No hay actividades con esta OT,sin_valor_compra,No hay fila en Hoja 1 por OT ni SP
201,Marca temporal: 2026-01-19 14:28:27 | FECHA REAL ENTREGA: ,,5259022.5,,,,,,,,sin_cruce_sp,No hay OT en Matriz ni SP detectable en la OT,directo_actividades_ot,30 actividades; 221.5 horas,sin_valor_compra,No hay fila en Hoja 1 por OT ni SP
202,Marca temporal: 2026-01-26 16:11:08 | FECHA REAL ENTREGA: ,,,,,,,,,,sin_cruce_sp,No hay OT en Matriz ni SP detectable en la OT,sin_actividades,No hay actividades con esta OT,sin_valor_compra,No hay fila en Hoja 1 por OT ni SP
203,Marca temporal: 2026-01-28 09:31:19 | FECHA REAL ENTREGA: 2026-01-29 00:00:00,1,,,,,,,,,sin_cruce_sp,No hay OT en Matriz ni SP detectable en la OT,sin_actividades,No hay actividades con esta OT,sin_valor_compra,No hay fila en Hoja 1 por OT ni SP
204,Marca temporal: 2026-01-28 09:57:38 | FECHA REAL ENTREGA: 2026-01-29 00:00:00,2,,,,,,,,,sin_cruce_sp,No hay OT en Matriz ni SP detectable en la OT,sin_actividades,No hay actividades con esta OT,sin_valor_compra,No hay fila en Hoja 1 por OT ni SP
205,Marca temporal: 2026-01-28 10:01:38 | FECHA REAL ENTREGA: 2026-01-29 00:00:00,2,,,,,,,,,sin_cruce_sp,No hay OT en Matriz ni SP detectable en la OT,sin_actividades,No hay actividades con esta OT,sin_valor_compra,No hay fila en Hoja 1 por OT ni SP
206,Marca temporal: 2026-01-30 12:04:32 | FECHA REAL ENTREGA: 2026-01-31 00:00:00,1,,,,,,,,,sin_cruce_sp,No hay OT en Matriz ni SP detectable en la OT,sin_actividades,No hay actividades con esta OT,sin_valor_compra,No hay fila en Hoja 1 por OT ni SP
207,Marca temporal: 2026-02-02 11:12:44 | FECHA REAL ENTREGA: ,,,,,,,,,,sin_cruce_sp,No hay OT en Matriz ni SP detectable en la OT,sin_actividades,No hay actividades con esta OT,sin_valor_compra,No hay fila en Hoja 1 por OT ni SP
208,Marca temporal: 2026-02-02 15:17:17 | FECHA REAL ENTREGA: ,,,,,,,,,,sin_cruce_sp,No hay OT en Matriz ni SP detectable en la OT,sin_actividades,No hay actividades con esta OT,sin_valor_compra,No hay fila en Hoja 1 por OT ni SP
209,Marca temporal: 2026-02-03 07:26:38 | FECHA REAL ENTREGA: 2026-02-06 00:00:00,4,,,,,,,,,sin_cruce_sp,No hay OT en Matriz ni SP detectable en la OT,sin_actividades,No hay actividades con esta OT,sin_valor_compra,No hay fila en Hoja 1 por OT ni SP
210,Marca temporal: 2026-02-03 07:30:31 | FECHA REAL ENTREGA: 2026-02-06 00:00:00,4,,,,,,,,,sin_cruce_sp,No hay OT en Matriz ni SP detectable en la OT,sin_actividades,No hay actividades con esta OT,sin_valor_compra,No hay fila en Hoja 1 por OT ni SP
211,Marca temporal: 2026-02-03 08:04:30 | FECHA REAL ENTREGA: ,,,,,,,,,,sin_cruce_sp,No hay OT en Matriz ni SP detectable en la OT,sin_actividades,No hay actividades con esta OT,sin_valor_compra,No hay fila en Hoja 1 por OT ni SP
212,Marca temporal: 2026-02-04 08:57:25 | FECHA REAL ENTREGA: 2026-02-05 00:00:00,1,,,,,,,,,sin_cruce_sp,No hay OT en Matriz ni SP detectable en la OT,sin_actividades,No hay actividades con esta OT,sin_valor_compra,No hay fila en Hoja 1 por OT ni SP
213,Marca temporal: 2026-02-04 09:42:36 | FECHA REAL ENTREGA: ,,,,,,,,,,sin_cruce_sp,No hay OT en Matriz ni SP detectable en la OT,sin_actividades,No hay actividades con esta OT,sin_valor_compra,No hay fila en Hoja 1 por OT ni SP
214,Marca temporal: 2026-02-05 12:28:13 | FECHA REAL ENTREGA: 2026-02-05 00:00:00,-0.52,,,,,,,,,sin_cruce_sp,No hay OT en Matriz ni SP detectable en la OT,sin_actividades,No hay actividades con esta OT,sin_valor_compra,No hay fila en Hoja 1 por OT ni SP
215,Marca temporal: 2026-02-05 12:29:35 | FECHA REAL ENTREGA: ,,1208134,,,,,,,,sin_cruce_sp,No hay OT en Matriz ni SP detectable en la OT,directo_actividades_ot,8 actividades; 50.0 horas,sin_valor_compra,No hay fila en Hoja 1 por OT ni SP
216,Marca temporal: 2026-02-05 12:31:14 | FECHA REAL ENTREGA: 2026-02-07 00:00:00,2,,,,,,,,,sin_cruce_sp,No hay OT en Matriz ni SP detectable en la OT,sin_actividades,No hay actividades con esta OT,sin_valor_compra,No hay fila en Hoja 1 por OT ni SP
217,Marca temporal: 2026-02-06 10:28:59 | FECHA REAL ENTREGA: 2026-02-07 00:00:00,1,,,,,,,,,sin_cruce_sp,No hay OT en Matriz ni SP detectable en la OT,sin_actividades,No hay actividades con esta OT,sin_valor_compra,No hay fila en Hoja 1 por OT ni SP
218,Marca temporal: 2026-02-09 07:13:25 | FECHA REAL ENTREGA: ,,,,,,,,,,sin_cruce_sp,No hay OT en Matriz ni SP detectable en la OT,sin_actividades,No hay actividades con esta OT,sin_valor_compra,No hay fila en Hoja 1 por OT ni SP
219,Marca temporal: 2026-02-09 07:14:37 | FECHA REAL ENTREGA: ,,,,,,,,,,sin_cruce_sp,No hay OT en Matriz ni SP detectable en la OT,sin_actividades,No hay actividades con esta OT,sin_valor_compra,No hay fila en Hoja 1 por OT ni SP
220,Marca temporal: 2026-02-09 14:31:44 | FECHA REAL ENTREGA: 2026-02-10 00:00:00,1,,,,,,,,,sin_cruce_sp,No hay OT en Matriz ni SP detectable en la OT,sin_actividades,No hay actividades con esta OT,sin_valor_compra,No hay fila en Hoja 1 por OT ni SP
221,Marca temporal: 2026-02-09 16:03:46 | FECHA REAL ENTREGA: 2026-02-10 00:00:00,1,,,,,,,,,sin_cruce_sp,No hay OT en Matriz ni SP detectable en la OT,sin_actividades,No hay actividades con esta OT,sin_valor_compra,No hay fila en Hoja 1 por OT ni SP
222,Marca temporal: 2026-02-09 16:05:50 | FECHA REAL ENTREGA: 2026-02-14 00:00:00,5,,,,,,,,,sin_cruce_sp,No hay OT en Matriz ni SP detectable en la OT,sin_actividades,No hay actividades con esta OT,sin_valor_compra,No hay fila en Hoja 1 por OT ni SP
223,Marca temporal: 2026-02-13 10:34:18 | FECHA REAL ENTREGA: 2026-02-18 00:00:00,5,,,,,,,,,sin_cruce_sp,No hay OT en Matriz ni SP detectable en la OT,sin_actividades,No hay actividades con esta OT,sin_valor_compra,No hay fila en Hoja 1 por OT ni SP
224,Marca temporal: 2026-02-13 10:35:48 | FECHA REAL ENTREGA: 2026-02-17 00:00:00,4,,,,,,,,,sin_cruce_sp,No hay OT en Matriz ni SP detectable en la OT,sin_actividades,No hay actividades con esta OT,sin_valor_compra,No hay fila en Hoja 1 por OT ni SP
225,Marca temporal: 2026-02-16 07:54:37 | FECHA REAL ENTREGA: ,,,,,,,,,,sin_cruce_sp,No hay OT en Matriz ni SP detectable en la OT,sin_actividades,No hay actividades con esta OT,sin_valor_compra,No hay fila en Hoja 1 por OT ni SP
226,Marca temporal: 2026-02-16 10:09:34 | FECHA REAL ENTREGA: ,,,,,,,,,,sin_cruce_sp,No hay OT en Matriz ni SP detectable en la OT,sin_actividades,No hay actividades con esta OT,sin_valor_compra,No hay fila en Hoja 1 por OT ni SP
227,Marca temporal: 2026-02-17 07:37:35 | FECHA REAL ENTREGA: ,,,,,,,,,,sin_cruce_sp,No hay OT en Matriz ni SP detectable en la OT,sin_actividades,No hay actividades con esta OT,sin_valor_compra,No hay fila en Hoja 1 por OT ni SP
228,Marca temporal: 2026-02-17 07:42:33 | FECHA REAL ENTREGA: ,,,,,,,,,,sin_cruce_sp,No hay OT en Matriz ni SP detectable en la OT,sin_actividades,No hay actividades con esta OT,sin_valor_compra,No hay fila en Hoja 1 por OT ni SP
229,Marca temporal: 2026-02-17 14:10:31 | FECHA REAL ENTREGA: 2026-02-17 00:00:00,-0.59,,,,,,,,,sin_cruce_sp,No hay OT en Matriz ni SP detectable en la OT,sin_actividades,No hay actividades con esta OT,sin_valor_compra,No hay fila en Hoja 1 por OT ni SP
230,Marca temporal: 2026-02-18 14:21:47 | FECHA REAL ENTREGA: 2026-02-21 00:00:00,3,,,,,,,,,sin_cruce_sp,No hay OT en Matriz ni SP detectable en la OT,sin_actividades,No hay actividades con esta OT,sin_valor_compra,No hay fila en Hoja 1 por OT ni SP
231,Marca temporal: 2026-02-21 08:12:57 | FECHA REAL ENTREGA: ,,,,,,,,,,sin_cruce_sp,No hay OT en Matriz ni SP detectable en la OT,sin_actividades,No hay actividades con esta OT,sin_valor_compra,No hay fila en Hoja 1 por OT ni SP
232,Marca temporal: 2026-02-24 10:20:35 | FECHA REAL ENTREGA: ,,,,,,,,,,sin_cruce_sp,No hay OT en Matriz ni SP detectable en la OT,sin_actividades,No hay actividades con esta OT,sin_valor_compra,No hay fila en Hoja 1 por OT ni SP
233,Marca temporal: 2026-02-24 10:42:47 | FECHA REAL ENTREGA: ,,,,,,,,,,sin_cruce_sp,No hay OT en Matriz ni SP detectable en la OT,sin_actividades,No hay actividades con esta OT,sin_valor_compra,No hay fila en Hoja 1 por OT ni SP
234,Marca temporal: 2026-02-24 11:11:40 | FECHA REAL ENTREGA: ,,,,,,,,,,sin_cruce_sp,No hay OT en Matriz ni SP detectable en la OT,sin_actividades,No hay actividades con esta OT,sin_valor_compra,No hay fila en Hoja 1 por OT ni SP
235,Marca temporal: 2026-02-25 09:02:22 | FECHA REAL ENTREGA: 2026-03-03 00:00:00,6,,,,,,,,,sin_cruce_sp,No hay OT en Matriz ni SP detectable en la OT,sin_actividades,No hay actividades con esta OT,sin_valor_compra,No hay fila en Hoja 1 por OT ni SP
236,Marca temporal: 2026-02-25 09:10:42 | FECHA REAL ENTREGA: 2026-02-28 00:00:00,3,,,,,,,,,sin_cruce_sp,No hay OT en Matriz ni SP detectable en la OT,sin_actividades,No hay actividades con esta OT,sin_valor_compra,No hay fila en Hoja 1 por OT ni SP
237,Marca temporal: 2026-02-26 10:29:45 | FECHA REAL ENTREGA: ,,,,,,,,,,sin_cruce_sp,No hay OT en Matriz ni SP detectable en la OT,sin_actividades,No hay actividades con esta OT,sin_valor_compra,No hay fila en Hoja 1 por OT ni SP
238,Marca temporal: 2026-02-26 11:03:37 | FECHA REAL ENTREGA: ,,,,,,,,,,sin_cruce_sp,No hay OT en Matriz ni SP detectable en la OT,sin_actividades,No hay actividades con esta OT,sin_valor_compra,No hay fila en Hoja 1 por OT ni SP
239,Marca temporal: 2026-02-27 10:07:39 | FECHA REAL ENTREGA: 2026-03-17 00:00:00,18,,,,,,,,,sin_cruce_sp,No hay OT en Matriz ni SP detectable en la OT,sin_actividades,No hay actividades con esta OT,sin_valor_compra,No hay fila en Hoja 1 por OT ni SP
240,Marca temporal: 2026-02-28 08:23:34 | FECHA REAL ENTREGA: ,,,,,,,,,,sin_cruce_sp,No hay OT en Matriz ni SP detectable en la OT,sin_actividades,No hay actividades con esta OT,sin_valor_compra,No hay fila en Hoja 1 por OT ni SP
241,Marca temporal: 2026-02-28 08:32:24 | FECHA REAL ENTREGA: ,,,,,,,,,,sin_cruce_sp,No hay OT en Matriz ni SP detectable en la OT,sin_actividades,No hay actividades con esta OT,sin_valor_compra,No hay fila en Hoja 1 por OT ni SP
242,Marca temporal: 2026-03-02 09:28:43 | FECHA REAL ENTREGA: ,,,,,,,,,,sin_cruce_sp,No hay OT en Matriz ni SP detectable en la OT,sin_actividades,No hay actividades con esta OT,sin_valor_compra,No hay fila en Hoja 1 por OT ni SP
243,Marca temporal: 2026-03-03 14:28:50 | FECHA REAL ENTREGA: ,,,,,,,,,,sin_cruce_sp,No hay OT en Matriz ni SP detectable en la OT,sin_actividades,No hay actividades con esta OT,sin_valor_compra,No hay fila en Hoja 1 por OT ni SP
244,Marca temporal: 2026-03-04 08:57:32 | FECHA REAL ENTREGA: 2026-03-10 00:00:00,6,,,,,,,,,sin_cruce_sp,No hay OT en Matriz ni SP detectable en la OT,sin_actividades,No hay actividades con esta OT,sin_valor_compra,No hay fila en Hoja 1 por OT ni SP
245,Marca temporal: 2026-03-04 09:00:47 | FECHA REAL ENTREGA: 2026-03-10 00:00:00,6,,,,,,,,,sin_cruce_sp,No hay OT en Matriz ni SP detectable en la OT,sin_actividades,No hay actividades con esta OT,sin_valor_compra,No hay fila en Hoja 1 por OT ni SP
246,Marca temporal: 2026-03-05 07:56:58 | FECHA REAL ENTREGA: 2026-03-07 00:00:00,2,,,,,,,,,sin_cruce_sp,No hay OT en Matriz ni SP detectable en la OT,sin_actividades,No hay actividades con esta OT,sin_valor_compra,No hay fila en Hoja 1 por OT ni SP
247,Marca temporal: 2026-03-05 14:25:18 | FECHA REAL ENTREGA: ,,,,,,,,,,sin_cruce_sp,No hay OT en Matriz ni SP detectable en la OT,sin_actividades,No hay actividades con esta OT,sin_valor_compra,No hay fila en Hoja 1 por OT ni SP
248,Marca temporal: 2026-03-06 14:37:15 | FECHA REAL ENTREGA: 2026-03-06 00:00:00,-0.61,,,,,,,,,sin_cruce_sp,No hay OT en Matriz ni SP detectable en la OT,sin_actividades,No hay actividades con esta OT,sin_valor_compra,No hay fila en Hoja 1 por OT ni SP
249,Marca temporal: 2026-03-10 08:01:50 | FECHA REAL ENTREGA: 2026-03-11 00:00:00,1,,,,,,,,,sin_cruce_sp,No hay OT en Matriz ni SP detectable en la OT,sin_actividades,No hay actividades con esta OT,sin_valor_compra,No hay fila en Hoja 1 por OT ni SP
250,Marca temporal: 2026-03-10 08:03:29 | FECHA REAL ENTREGA: ,,,,,,,,,,sin_cruce_sp,No hay OT en Matriz ni SP detectable en la OT,sin_actividades,No hay actividades con esta OT,sin_valor_compra,No hay fila en Hoja 1 por OT ni SP
251,Marca temporal: 2026-03-11 11:19:56 | FECHA REAL ENTREGA: 2026-03-12 00:00:00,1,,,,,,,,,sin_cruce_sp,No hay OT en Matriz ni SP detectable en la OT,sin_actividades,No hay actividades con esta OT,sin_valor_compra,No hay fila en Hoja 1 por OT ni SP
252,Marca temporal: 2026-03-12 10:03:22 | FECHA REAL ENTREGA: ,,,,,,,,,,sin_cruce_sp,No hay OT en Matriz ni SP detectable en la OT,sin_actividades,No hay actividades con esta OT,sin_valor_compra,No hay fila en Hoja 1 por OT ni SP
253,Marca temporal: 2026-03-16 16:53:43 | FECHA REAL ENTREGA: ,,,,,,,,,,sin_cruce_sp,No hay OT en Matriz ni SP detectable en la OT,sin_actividades,No hay actividades con esta OT,sin_valor_compra,No hay fila en Hoja 1 por OT ni SP
254,Marca temporal: 2026-03-17 08:06:26 | FECHA REAL ENTREGA: ,,,,,,,,,,sin_cruce_sp,No hay OT en Matriz ni SP detectable en la OT,sin_actividades,No hay actividades con esta OT,sin_valor_compra,No hay fila en Hoja 1 por OT ni SP
255,Marca temporal: 2026-03-17 09:29:12 | FECHA REAL ENTREGA: ,,,,,,,,,,sin_cruce_sp,No hay OT en Matriz ni SP detectable en la OT,sin_actividades,No hay actividades con esta OT,sin_valor_compra,No hay fila en Hoja 1 por OT ni SP
256,Marca temporal: 2026-03-18 14:25:00 | FECHA REAL ENTREGA: ,,,,,,,,,,sin_cruce_sp,No hay OT en Matriz ni SP detectable en la OT,sin_actividades,No hay actividades con esta OT,sin_valor_compra,No hay fila en Hoja 1 por OT ni SP
257,Marca temporal: 2026-03-19 11:47:10 | FECHA REAL ENTREGA: ,,,,,,,,,,sin_cruce_sp,No hay OT en Matriz ni SP detectable en la OT,sin_actividades,No hay actividades con esta OT,sin_valor_compra,No hay fila en Hoja 1 por OT ni SP
258,Marca temporal: 2026-03-20 07:17:28 | FECHA REAL ENTREGA: ,,,,,,,,,,sin_cruce_sp,No hay OT en Matriz ni SP detectable en la OT,sin_actividades,No hay actividades con esta OT,sin_valor_compra,No hay fila en Hoja 1 por OT ni SP
259,Marca temporal: 2026-03-20 14:17:04 | FECHA REAL ENTREGA: 2026-03-25 17:00:00,5.708333333,,,,,,,,,sin_cruce_sp,No hay OT en Matriz ni SP detectable en la OT,sin_actividades,No hay actividades con esta OT,sin_valor_compra,No hay fila en Hoja 1 por OT ni SP
260,Marca temporal: 2026-03-21 10:16:14 | FECHA REAL ENTREGA: 2026-03-21 14:00:00,0.5833333333,,,,,,,,,sin_cruce_sp,No hay OT en Matriz ni SP detectable en la OT,sin_actividades,No hay actividades con esta OT,sin_valor_compra,No hay fila en Hoja 1 por OT ni SP
261,Marca temporal: 2026-03-26 09:48:38 | FECHA REAL ENTREGA: ,,,,,,,,,,sin_cruce_sp,No hay OT en Matriz ni SP detectable en la OT,sin_actividades,No hay actividades con esta OT,sin_valor_compra,No hay fila en Hoja 1 por OT ni SP
262,Marca temporal: 2026-03-26 09:51:39 | FECHA REAL ENTREGA: ,,,,,,,,,,sin_cruce_sp,No hay OT en Matriz ni SP detectable en la OT,sin_actividades,No hay actividades con esta OT,sin_valor_compra,No hay fila en Hoja 1 por OT ni SP
263,Marca temporal: 2026-03-26 10:46:01 | FECHA REAL ENTREGA: ,,,,,,,,,,sin_cruce_sp,No hay OT en Matriz ni SP detectable en la OT,sin_actividades,No hay actividades con esta OT,sin_valor_compra,No hay fila en Hoja 1 por OT ni SP
264,Marca temporal: 2026-03-26 10:54:51 | FECHA REAL ENTREGA: 2026-03-27 00:00:00,1,,,,,,,,,sin_cruce_sp,No hay OT en Matriz ni SP detectable en la OT,sin_actividades,No hay actividades con esta OT,sin_valor_compra,No hay fila en Hoja 1 por OT ni SP
265,Marca temporal: 2026-03-26 11:01:20 | FECHA REAL ENTREGA: ,,,,,,,,,,sin_cruce_sp,No hay OT en Matriz ni SP detectable en la OT,sin_actividades,No hay actividades con esta OT,sin_valor_compra,No hay fila en Hoja 1 por OT ni SP
266,Marca temporal: 2026-03-26 14:38:53 | FECHA REAL ENTREGA: ,,,,,,,,,,sin_cruce_sp,No hay OT en Matriz ni SP detectable en la OT,sin_actividades,No hay actividades con esta OT,sin_valor_compra,No hay fila en Hoja 1 por OT ni SP
267,Marca temporal: 2026-03-28 07:47:44 | FECHA REAL ENTREGA: ,,,,,,,,,,sin_cruce_sp,No hay OT en Matriz ni SP detectable en la OT,sin_actividades,No hay actividades con esta OT,sin_valor_compra,No hay fila en Hoja 1 por OT ni SP
268,Marca temporal: 2026-03-30 10:07:55 | FECHA REAL ENTREGA: ,,,,,,,,,,sin_cruce_sp,No hay OT en Matriz ni SP detectable en la OT,sin_actividades,No hay actividades con esta OT,sin_valor_compra,No hay fila en Hoja 1 por OT ni SP
269,Marca temporal: 2026-03-30 16:35:06 | FECHA REAL ENTREGA: 2026-04-04 00:00:00,5,138864,,,,,,,,sin_cruce_sp,No hay OT en Matriz ni SP detectable en la OT,directo_actividades_ot,2 actividades; 6.0 horas,sin_valor_compra,No hay fila en Hoja 1 por OT ni SP
270,Marca temporal: 2026-03-31 07:12:36 | FECHA REAL ENTREGA: 2026-03-31 00:00:00,-0.3,,,,,,,,,sin_cruce_sp,No hay OT en Matriz ni SP detectable en la OT,sin_actividades,No hay actividades con esta OT,sin_valor_compra,No hay fila en Hoja 1 por OT ni SP
271,Marca temporal: 2026-03-31 10:57:06 | FECHA REAL ENTREGA: ,,,,,,,,,,sin_cruce_sp,No hay OT en Matriz ni SP detectable en la OT,sin_actividades,No hay actividades con esta OT,sin_valor_compra,No hay fila en Hoja 1 por OT ni SP
272,Marca temporal: 2026-04-01 10:41:33 | FECHA REAL ENTREGA: 2026-04-23 00:00:00,23,,,,,,,,,sin_cruce_sp,No hay OT en Matriz ni SP detectable en la OT,sin_actividades,No hay actividades con esta OT,sin_valor_compra,No hay fila en Hoja 1 por OT ni SP
273,Marca temporal: 2026-04-01 10:56:59 | FECHA REAL ENTREGA: 2026-04-01 00:00:00,1,,,,,,,,,sin_cruce_sp,No hay OT en Matriz ni SP detectable en la OT,sin_actividades,No hay actividades con esta OT,sin_valor_compra,No hay fila en Hoja 1 por OT ni SP
274,Marca temporal: 2026-04-01 11:08:41 | FECHA REAL ENTREGA: ,,,,,,,,,,sin_cruce_sp,No hay OT en Matriz ni SP detectable en la OT,sin_actividades,No hay actividades con esta OT,sin_valor_compra,No hay fila en Hoja 1 por OT ni SP
275,Marca temporal: 2026-04-01 14:23:03 | FECHA REAL ENTREGA: 2026-04-07 00:00:00,6,,,,,,,,,sin_cruce_sp,No hay OT en Matriz ni SP detectable en la OT,sin_actividades,No hay actividades con esta OT,sin_valor_compra,No hay fila en Hoja 1 por OT ni SP
276,Marca temporal: 2026-04-01 14:40:57 | FECHA REAL ENTREGA: ,,,,,,,,,,sin_cruce_sp,No hay OT en Matriz ni SP detectable en la OT,sin_actividades,No hay actividades con esta OT,sin_valor_compra,No hay fila en Hoja 1 por OT ni SP
277,Marca temporal: 2026-04-01 15:06:31 | FECHA REAL ENTREGA: ,,,,,,,,,,sin_cruce_sp,No hay OT en Matriz ni SP detectable en la OT,sin_actividades,No hay actividades con esta OT,sin_valor_compra,No hay fila en Hoja 1 por OT ni SP
278,Marca temporal: 2026-04-06 14:36:13 | FECHA REAL ENTREGA: ,,,,,,,,,,sin_cruce_sp,No hay OT en Matriz ni SP detectable en la OT,sin_actividades,No hay actividades con esta OT,sin_valor_compra,No hay fila en Hoja 1 por OT ni SP
279,Marca temporal: 2026-04-08 16:25:24 | FECHA REAL ENTREGA: ,,69432,,,,,,,,sin_cruce_sp,No hay OT en Matriz ni SP detectable en la OT,directo_actividades_ot,1 actividades; 3.0 horas,sin_valor_compra,No hay fila en Hoja 1 por OT ni SP
280,Marca temporal: 2026-04-09 10:01:21 | FECHA REAL ENTREGA: ,,83671.04,,,,,,,,sin_cruce_sp,No hay OT en Matriz ni SP detectable en la OT,directo_actividades_ot,1 actividades; 8.0 horas,sin_valor_compra,No hay fila en Hoja 1 por OT ni SP
281,Marca temporal: 2026-04-09 10:33:04 | FECHA REAL ENTREGA: ,,,,,,,,,,sin_cruce_sp,No hay OT en Matriz ni SP detectable en la OT,sin_actividades,No hay actividades con esta OT,sin_valor_compra,No hay fila en Hoja 1 por OT ni SP
282,Marca temporal: 2026-04-10 10:37:30 | FECHA REAL ENTREGA: ,,,,,,,,,,sin_cruce_sp,No hay OT en Matriz ni SP detectable en la OT,sin_actividades,No hay actividades con esta OT,sin_valor_compra,No hay fila en Hoja 1 por OT ni SP
283,Marca temporal: 2026-04-10 11:08:41 | FECHA REAL ENTREGA: ,,,,,,,,,,sin_cruce_sp,No hay OT en Matriz ni SP detectable en la OT,sin_actividades,No hay actividades con esta OT,sin_valor_compra,No hay fila en Hoja 1 por OT ni SP
284,Marca temporal: 2026-04-10 13:16:56 | FECHA REAL ENTREGA: ,,,,,,,,,,sin_cruce_sp,No hay OT en Matriz ni SP detectable en la OT,sin_actividades,No hay actividades con esta OT,sin_valor_compra,No hay fila en Hoja 1 por OT ni SP
285,Marca temporal: 2026-04-13 11:25:33 | FECHA REAL ENTREGA: ,,,,,,,,,,sin_cruce_sp,No hay OT en Matriz ni SP detectable en la OT,sin_actividades,No hay actividades con esta OT,sin_valor_compra,No hay fila en Hoja 1 por OT ni SP
286,Marca temporal: 2026-04-14 09:23:52 | FECHA REAL ENTREGA: ,,,,,,,,,,sin_cruce_sp,No hay OT en Matriz ni SP detectable en la OT,sin_actividades,No hay actividades con esta OT,sin_valor_compra,No hay fila en Hoja 1 por OT ni SP
287,Marca temporal: 2026-04-16 17:00:33 | FECHA REAL ENTREGA: ,,,,,,,,,,sin_cruce_sp,No hay OT en Matriz ni SP detectable en la OT,sin_actividades,No hay actividades con esta OT,sin_valor_compra,No hay fila en Hoja 1 por OT ni SP
288,Marca temporal: 2026-04-17 08:33:57 | FECHA REAL ENTREGA: ,,,,,,,,,,sin_cruce_sp,No hay OT en Matriz ni SP detectable en la OT,sin_actividades,No hay actividades con esta OT,sin_valor_compra,No hay fila en Hoja 1 por OT ni SP
289,Marca temporal: 2026-04-20 08:57:32 | FECHA REAL ENTREGA: ,,,,,,,,,,sin_cruce_sp,No hay OT en Matriz ni SP detectable en la OT,sin_actividades,No hay actividades con esta OT,sin_valor_compra,No hay fila en Hoja 1 por OT ni SP
290,Marca temporal: 2026-04-21 07:26:29 | FECHA REAL ENTREGA: ,,,,,,,,,,sin_cruce_sp,No hay OT en Matriz ni SP detectable en la OT,sin_actividades,No hay actividades con esta OT,sin_valor_compra,No hay fila en Hoja 1 por OT ni SP
291,Marca temporal: 2026-04-21 07:29:02 | FECHA REAL ENTREGA: ,,,,,,,,,,sin_cruce_sp,No hay OT en Matriz ni SP detectable en la OT,sin_actividades,No hay actividades con esta OT,sin_valor_compra,No hay fila en Hoja 1 por OT ni SP
292,Marca temporal: 2026-04-21 07:32:31 | FECHA REAL ENTREGA: ,,,,,,,,,,sin_cruce_sp,No hay OT en Matriz ni SP detectable en la OT,sin_actividades,No hay actividades con esta OT,sin_valor_compra,No hay fila en Hoja 1 por OT ni SP
293,Marca temporal: 2026-04-21 08:07:51 | FECHA REAL ENTREGA: ,,,,,,,,,,sin_cruce_sp,No hay OT en Matriz ni SP detectable en la OT,sin_actividades,No hay actividades con esta OT,sin_valor_compra,No hay fila en Hoja 1 por OT ni SP
294,Marca temporal: 2026-04-21 09:06:43 | FECHA REAL ENTREGA: ,,,,,,,,,,sin_cruce_sp,No hay OT en Matriz ni SP detectable en la OT,sin_actividades,No hay actividades con esta OT,sin_valor_compra,No hay fila en Hoja 1 por OT ni SP
295,Marca temporal: 2026-04-22 11:26:04 | FECHA REAL ENTREGA: ,,,,,,,,,,sin_cruce_sp,No hay OT en Matriz ni SP detectable en la OT,sin_actividades,No hay actividades con esta OT,sin_valor_compra,No hay fila en Hoja 1 por OT ni SP
296,Marca temporal: 2026-04-23 07:51:13 | FECHA REAL ENTREGA: ,,,,,,,,,,sin_cruce_sp,No hay OT en Matriz ni SP detectable en la OT,sin_actividades,No hay actividades con esta OT,sin_valor_compra,No hay fila en Hoja 1 por OT ni SP
297,Marca temporal: 2026-04-23 08:34:50 | FECHA REAL ENTREGA: 2026-05-23 00:00:00,30,,,,,,,,,sin_cruce_sp,No hay OT en Matriz ni SP detectable en la OT,sin_actividades,No hay actividades con esta OT,sin_valor_compra,No hay fila en Hoja 1 por OT ni SP
298,Marca temporal: 2026-04-28 08:26:30 | FECHA REAL ENTREGA: ,,,,,,,,,,sin_cruce_sp,No hay OT en Matriz ni SP detectable en la OT,sin_actividades,No hay actividades con esta OT,sin_valor_compra,No hay fila en Hoja 1 por OT ni SP
299,Marca temporal: 2026-04-30 09:22:36 | FECHA REAL ENTREGA: 2026-05-01 00:00:00,1,,,,,,,,,sin_cruce_sp,No hay OT en Matriz ni SP detectable en la OT,sin_actividades,No hay actividades con esta OT,sin_valor_compra,No hay fila en Hoja 1 por OT ni SP
300,Marca temporal: 2026-05-05 09:45:20 | FECHA REAL ENTREGA: ,,,,,,,,,,sin_cruce_sp,No hay OT en Matriz ni SP detectable en la OT,sin_actividades,No hay actividades con esta OT,sin_valor_compra,No hay fila en Hoja 1 por OT ni SP
301,Marca temporal: 2026-05-05 10:45:27 | FECHA REAL ENTREGA: ,,,,,,,,,,sin_cruce_sp,No hay OT en Matriz ni SP detectable en la OT,sin_actividades,No hay actividades con esta OT,sin_valor_compra,No hay fila en Hoja 1 por OT ni SP
302,Marca temporal: 2026-05-05 10:47:26 | FECHA REAL ENTREGA: ,,,,,,,,,,sin_cruce_sp,No hay OT en Matriz ni SP detectable en la OT,sin_actividades,No hay actividades con esta OT,sin_valor_compra,No hay fila en Hoja 1 por OT ni SP
303,Marca temporal: 2026-05-05 13:19:26 | FECHA REAL ENTREGA: ,,,,,,,,,,sin_cruce_sp,No hay OT en Matriz ni SP detectable en la OT,sin_actividades,No hay actividades con esta OT,sin_valor_compra,No hay fila en Hoja 1 por OT ni SP
304,Marca temporal: 2026-05-06 07:13:27 | FECHA REAL ENTREGA: ,,,,,,,,,,sin_cruce_sp,No hay OT en Matriz ni SP detectable en la OT,sin_actividades,No hay actividades con esta OT,sin_valor_compra,No hay fila en Hoja 1 por OT ni SP
305,Marca temporal: 2026-05-06 14:40:29 | FECHA REAL ENTREGA: ,,,,,,,,,,sin_cruce_sp,No hay OT en Matriz ni SP detectable en la OT,sin_actividades,No hay actividades con esta OT,sin_valor_compra,No hay fila en Hoja 1 por OT ni SP
306,Marca temporal: 2026-05-06 14:58:33 | FECHA REAL ENTREGA: ,,,,,,,,,,sin_cruce_sp,No hay OT en Matriz ni SP detectable en la OT,sin_actividades,No hay actividades con esta OT,sin_valor_compra,No hay fila en Hoja 1 por OT ni SP
307,Marca temporal: 2026-05-07 16:34:55 | FECHA REAL ENTREGA: ,,,,,,,,,,sin_cruce_sp,No hay OT en Matriz ni SP detectable en la OT,sin_actividades,No hay actividades con esta OT,sin_valor_compra,No hay fila en Hoja 1 por OT ni SP
308,Marca temporal: 2026-05-07 16:36:28 | FECHA REAL ENTREGA: ,,,,,,,,,,sin_cruce_sp,No hay OT en Matriz ni SP detectable en la OT,sin_actividades,No hay actividades con esta OT,sin_valor_compra,No hay fila en Hoja 1 por OT ni SP